name,age,street,city,state,zip,lng,lat
Christopher Garcia,36,1740 Hudson Lodge,East Isaiah,Nebraska,66371,-103.551417,52.5705375
Madeline Maxwell,42,29170 Robert Freeway Suite 386,Riveraberg,Arkansas,21422,-107.547302,1.459179
Cameron Wilson,54,63175 Hernandez Route Suite 380,South Robertmouth,Iowa,60553,31.476782,-4.1458415
Mary Smith,77,9807 Shannon Mission Suite 925,South Christophermouth,Louisiana,67909,-54.563576,67.381027
Joseph Harrison,27,998 Courtney Villages,Chambershaven,Missouri,89012,-133.470958,-25.864307
James Dillon,72,1462 Leslie Ridges,South Jenniferstad,South Carolina,18635,149.049759,-83.600929
Catherine West,75,5336 Kimberly Plains Suite 110,New Katherine,Vermont,85924,97.319349,-68.894211
Jason Mcgrath,72,942 Mary Pine Suite 643,Williamsside,Washington,90494,-19.727143,85.097126
Brent Pierce,23,715 Weeks Centers Apt. 973,South Dawnhaven,North Carolina,79013,109.745152,-68.1638225
Stacey Blair,21,801 Davis Turnpike Apt. 976,Whitefurt,Wisconsin,95719,-41.281887,18.242663
Steven Scott,31,40817 Reynolds Gateway,Perezland,Delaware,99134,-97.832466,23.0215165
Devon Smith,22,77074 Mitchell Rapids Apt. 300,Kevinhaven,Montana,52584,-59.495296,34.5948595
Jeffrey Shepard,33,97410 Caroline Creek Apt. 748,Michelefurt,South Carolina,32451,-167.905185,58.6949805
Jonathan Torres,45,94032 Jose Ports,Blackchester,Pennsylvania,44218,-128.872593,20.764189
Jennifer Salinas,46,8897 Briggs Plains,Lake James,Nebraska,16211,-133.900346,-13.5736505
Jennifer Evans MD,40,9419 Tammy Inlet Apt. 897,Lake Susan,Indiana,95556,71.560812,-66.594053
Kirsten Roach,79,29199 Clark Glen,South Tracyton,South Carolina,28467,-117.923607,59.0752905
Jose Shepard,41,27731 Colleen Crossing,Port Sandraside,Virginia,24322,155.967748,-44.6159615
Karen Park,52,0147 Kaylee Streets Suite 655,Lake Kristen,Michigan,54951,62.967148,-8.474449
Emily Chen,71,2334 Lopez Estates,North Jonathanbury,Iowa,76616,-70.681693,43.939030
Thomas Butler,34,69826 Monroe Shoals,North Russellbury,Alabama,26965,55.359745,62.9129835
Mercedes Young,70,3916 Moore Cliff,West Gregory,West Virginia,76987,-137.801541,24.166270
Jill Bell,72,884 Jessica Lakes,East Johnberg,Georgia,19403,90.401714,-65.6072085
Julie Jones,29,3090 Beck Manor,New Robertview,Arizona,87701,111.551940,0.908841
Peter Owen,49,696 Knox Lake Apt. 287,West Jamesmouth,Oregon,73161,44.800360,-88.4294455
Mark Mccormick,38,04079 Melanie Cliff Apt. 505,North Jessicamouth,Minnesota,65213,-33.427988,-9.7924785
Misty Faulkner,79,72654 Richard Crossroad,Lake Lori,Kentucky,77081,84.113993,76.473594
Denise Greene,31,96496 Olson Villages,Davidshire,Maryland,96457,-62.889114,78.298172
Nathan Andrade,21,0005 Patel Lodge Suite 543,Davisport,Rhode Island,96592,-119.460862,-43.5211025
Nicholas Riggs,78,651 Taylor Crescent,South Alexview,Kansas,62814,-56.292560,-14.7659625
Phillip Hunt,76,395 Crystal Valleys Suite 298,South Traviston,Florida,08711,-98.533510,78.952593
Joyce Mccormick,63,76763 Oliver Haven Apt. 079,Davischester,Washington,57303,-153.137055,29.284197
Brian Bryan,61,363 Smith Courts,Vargasfort,Maine,57015,-22.661082,4.7686145
Brandon Fowler,19,68278 Robin Greens Apt. 846,Campbellhaven,Colorado,86013,-90.847655,-4.4097245
Evan Lopez,75,649 Vargas Drive,Reevesshire,North Carolina,14712,166.556717,-80.0390215
Shawn Walsh,30,46328 Lucas Lake,Jamesstad,Montana,50212,-126.218916,61.817239
Julia Lloyd,30,332 Bryant Glen Apt. 817,West Erin,Illinois,26613,-101.748624,12.4327905
Philip Scott,34,480 Castaneda Mountains Suite 370,West Cassandra,Arizona,21440,-176.461602,72.247580
Trevor Wolf,74,021 Diana Glens Apt. 277,West Matthew,Colorado,71214,54.326802,3.628665
Yolanda Mcdonald,80,37314 Robinson Park Apt. 522,Harrisonport,Pennsylvania,32570,-150.156921,81.0828645
Bianca Bryant,76,95375 Melanie Springs Suite 914,East Steven,Illinois,80393,-39.040004,42.479555
Dawn Perez,67,3242 Stewart Locks Apt. 264,Maysshire,Virginia,05299,177.533795,87.6165825
Lauren Walker,73,609 Martinez Dam,Ayalaton,North Carolina,67822,39.513723,-22.952244
Andrea Warren,70,240 Tracy Run Apt. 872,North Tiffanyside,Maine,69337,-156.331039,-82.341112
Chelsea Jackson,68,8762 Jeffrey Parkway,Weissfurt,Utah,45590,52.665637,-32.9739015
Alicia Matthews,45,725 May Freeway,East Sheila,Texas,30849,50.342443,-82.8197195
Jamie Benton,77,5556 Gray Street,Kathyview,Nebraska,72487,-60.431092,37.8665485
Katherine Marshall,24,3705 Zachary Trail Suite 595,Monroeton,Tennessee,45837,127.138454,-66.421416
Anita Stuart,75,7257 Rowe Ranch Suite 908,Davidberg,Michigan,24240,-63.226410,85.6712215
Taylor Rojas,32,180 Lee Course,New Sean,Utah,95122,106.116339,43.0701845
Sharon Greene,74,7679 Hall Inlet,Solisport,Connecticut,61116,-60.936507,-60.7320075
Yvonne Dixon,19,481 Deborah Canyon Apt. 367,Choiborough,South Dakota,98825,-165.392626,-0.633962
Natalie Zavala,55,04213 Miller Junction Suite 267,Woodstad,Delaware,29463,-109.014795,-64.200656
April Shaw,24,540 Rita Run Apt. 226,Taylorport,Arkansas,26642,-30.250540,42.592531
Marcus Mitchell,57,27795 Elizabeth Throughway,Port Nicolefurt,Washington,01583,100.512329,-18.673602
Anna Hoffman,29,6211 Christy Parkway,Williamsbury,Minnesota,95412,164.900081,-67.024040
Stephanie Henderson,66,283 Davis Underpass Suite 186,New Calvin,Idaho,61093,-111.043183,-45.7225245
Tina Case,33,5180 Campos Union Apt. 426,South Antonioberg,Delaware,12149,30.066891,57.758256
John Nguyen,62,10186 Cynthia Drive,Lake Jeremytown,Maryland,64637,66.272189,-72.5229725
Natasha Rhodes,20,759 Kyle Mount Apt. 793,Port Keith,South Dakota,14604,70.163132,-46.3920735
Lindsay Williams,53,3094 Sarah Ville,South Cindy,Maryland,30878,-30.504578,19.1273515
Joseph Anderson,36,534 Jonathan Tunnel Suite 449,Frymouth,Maryland,34396,-172.110510,21.854229
John Jones,71,71508 Davis Knoll,Grantburgh,Oklahoma,41128,-115.077217,-3.158533
Miranda Ray,32,38792 Bartlett Mission Suite 164,Port Haley,Mississippi,66859,104.461874,4.544841
Kelly Ellis,57,488 Williamson Manors,Lake Kellymouth,New Jersey,83860,-50.327586,48.1390905
Steven Gonzalez,49,361 Juarez Lodge,Connorfort,Oklahoma,63086,20.708612,-84.1550195
Charles Beltran,45,1564 Wilson Common Apt. 883,Port Michelle,Massachusetts,38330,100.307631,-36.046547
Mr. Matthew Johnson,69,8193 Brown Locks,Jacksonfort,Iowa,26015,65.324679,-44.0573815
Amber Swanson,64,253 Justin Ports Apt. 789,Martinezborough,Delaware,21540,-20.114963,44.503428
Peter Powell,22,4203 Yolanda Square,Shawnland,Virginia,44699,120.350856,68.646469
Sonya Moore,80,362 Michael Centers Suite 074,North Lauraville,Nebraska,68826,-174.466262,-10.577345
Michelle Klein,70,72483 Myers Greens Apt. 601,Bradleyburgh,New Jersey,96456,-142.970072,-73.4208525
Nancy Lawson,58,962 Dennis Ferry,Meyerton,Oklahoma,11445,164.847298,-58.850291
Crystal Ingram,21,1183 David Junctions Apt. 601,New Maryshire,Pennsylvania,66946,146.004865,42.5040495
James Rogers,37,088 Murphy Mountain,Port Rebeccatown,Connecticut,04084,-168.782099,-64.015812
Lisa Ritter,26,14418 Jordan Lakes Suite 535,Jamesmouth,Alabama,66438,-98.381572,27.4581905
Susan Castro,40,727 Lindsey Cove Apt. 706,West Fernandofurt,New York,29913,-75.988412,33.519338
Stephen Leach,24,41031 Kennedy Wall Apt. 213,North Melissa,South Dakota,82600,-117.101301,66.722861
William Michael,43,1801 Kendra Stravenue,North Aliciamouth,Connecticut,42745,164.158630,-3.192235
John Brennan,74,04295 Matthew Way Suite 404,Stephaniemouth,North Carolina,80626,76.805696,74.907490
William Harris,34,890 Amanda Ville Suite 320,Ralphport,Connecticut,51291,114.580902,-14.101945
Barry Walsh,80,07762 Jessica Summit Suite 015,Port Anthonyton,North Dakota,73317,-147.002247,24.3924315
Mrs. Jennifer Spencer,21,8230 Michael Springs Apt. 232,South David,Maine,46588,-112.961491,2.195333
Mr. Bobby Long,50,292 Moore Route,Sergiofurt,Montana,52797,139.122499,-88.1199115
Eric Powell,66,1116 Krueger Field Suite 824,Stevenside,California,89098,-114.862471,17.1326565
Susan Garrett,40,201 Anthony Plain Apt. 038,East Mary,Alabama,70586,68.869354,67.9173825
Arthur Glass,76,060 Neil Ridge,South Curtisfort,New Mexico,75542,20.438303,13.799228
Douglas Jenkins,78,64023 Alexander Plains Suite 266,West Stacystad,New Mexico,51214,-169.824968,40.9873105
Diane Contreras,42,06673 Ray Forge Suite 792,West Stanleyside,Rhode Island,90147,-162.441755,-55.0586825
Michael Hart,55,4311 Kristin Burg Apt. 492,Schmidtland,Illinois,12490,-37.095701,87.7865465
George Welch,37,33809 Michael Shore Suite 086,Solomonfort,Indiana,06792,47.751456,83.512631
Mr. Dennis Smith,19,3354 Timothy Fork,Smithchester,Minnesota,35031,-86.752355,-89.9259545
Jennifer Harvey,33,254 Amanda Ridges Suite 762,Lake Terri,Indiana,66640,-11.643802,-84.9736455
Rachel Lewis,66,8624 Timothy Land Suite 089,Port Chadhaven,South Carolina,59789,142.245883,21.1360125
Mark Houston,43,53535 Thomas Court,Lake Stephanie,New Hampshire,20695,25.851569,-41.285438
Charles Thomas,67,698 Carpenter Light,Port Pennyhaven,Utah,70949,90.219211,-25.1433655
Kevin Hall,50,307 Robert Glen Suite 125,Destinybury,Connecticut,68849,83.295851,13.7209295
Clinton Hartman,51,82868 Lewis Overpass Suite 436,East Eddiestad,New Hampshire,96733,21.617294,61.7351435
Loretta Lane,53,5762 Christian Way,Baldwinhaven,New Mexico,64661,-23.845239,-78.754944
Julia Olson,63,6274 Fox Drive Suite 044,Kennethbury,Maine,15939,-169.848763,-87.130810
James Grant,50,169 Jackson Mountain,South Nicholasland,South Dakota,18912,176.817629,52.195370
Sarah Landry,22,53780 Werner Forks Suite 440,Knightstad,California,72845,-14.590602,-75.862382
Melissa Bright,64,6522 Ariana Roads Suite 563,East Darrenside,New Jersey,96681,137.763957,0.1980615
Kenneth Black,34,427 Ellis Loop Apt. 502,North Brianland,Washington,96863,6.926660,-14.4288665
Amanda King,70,7568 Lee Curve Suite 424,North Darrellton,California,71812,33.484314,26.174018
Michael Phillips,39,13492 Phillip Island,North Phillipmouth,Michigan,72806,145.288316,34.8583355
Todd Jones,73,3626 Duane Well Suite 339,Meganview,New Mexico,35321,-12.367387,30.9138285
Laurie Martin,78,2201 Pamela Fords,Walshmouth,Georgia,27087,-171.390536,76.1061555
Melissa Trujillo,22,1481 Frost Squares,Lake Regina,Indiana,70649,-48.489003,-9.870766
Tanner Rodriguez,59,020 Thomas Street,Chapmanfort,Nebraska,08691,-53.306022,-8.295177
Kenneth Cook MD,41,8083 Brown Plains,West Michael,Nevada,42982,-95.021841,64.0269655
Michael Mullins,33,7483 Anthony Shore,Brandonland,Delaware,26152,35.398859,-54.185372
Jessica Clayton,72,797 Tiffany Mall Apt. 130,Jeanettemouth,New Mexico,66065,-44.797460,-59.366428
Robert Norman,41,691 Garcia Curve,Kimtown,Illinois,97241,-62.705839,41.0353665
Thomas Lopez,44,24511 Joseph Prairie Apt. 455,New Cindyberg,Rhode Island,28253,128.357017,-3.541744
Karen Kirby,39,1319 Zachary Creek,West Josephmouth,Montana,22241,-52.844709,-70.2336105
Elizabeth Jennings,18,9547 Olsen Hill Apt. 383,Karenland,South Carolina,52468,-152.252672,49.2408335
Amanda Flores,36,081 Omar Shoal Suite 217,East Michelle,North Dakota,14612,121.339264,46.625834
Gavin Duke,42,68812 Julie Place Apt. 687,Tylerport,Florida,08937,-149.003488,86.483675
Robyn Bennett,45,3401 Becker Branch,Port Juan,Colorado,46956,-129.471658,31.7425065
Alexandra Robbins,35,017 Hernandez Expressway,Dixonshire,Minnesota,06908,166.450207,-63.704583
Darrell Hart,36,646 Daniel Highway Suite 119,East Alexander,New Mexico,69342,-72.149427,82.140376
Ruben Brown,75,732 Emily Island Suite 882,Kingburgh,Texas,31345,134.839459,-89.5894285
David Hardy,49,123 Margaret Flat Suite 909,Port Karen,Oklahoma,49388,-23.189292,1.801731
Caitlin Smith,39,7042 George Cliffs,New Mike,New Jersey,25906,-111.484521,77.6673375
John Delgado,41,7399 Garcia Mountains,North Kellyburgh,Ohio,88342,-69.341671,-11.412607
Kevin Lowe,18,60327 Maurice Drives Suite 942,Brandonbury,Louisiana,10110,-31.581686,-77.3843245
Renee Montgomery,50,455 Martin Forest,Lake Jenniferton,Minnesota,92857,175.455670,-64.162791
Jason Trevino,25,1183 Kristen Trail Suite 749,East Julieburgh,Illinois,84094,-53.254386,-68.112249
Amber Kemp,39,4853 Brown Islands,Amyport,New Mexico,01132,173.313196,1.505927
Joshua Moran,62,4772 Johnson Ranch Suite 673,East Christopher,Wyoming,39876,-20.377057,-46.6019855
John Powers,58,547 Ramsey Point,West Brittany,Delaware,41065,-127.418543,24.762323
David Ponce,61,47174 Bobby Unions Apt. 137,South Jo,Florida,45357,131.551325,40.571190
Bianca Thomas MD,63,671 Johnson Island,Mortonhaven,New York,40081,74.057890,-42.331199
Breanna Johnson,51,818 Nielsen Prairie,Nathanstad,Indiana,52904,-135.245073,63.7987755
Jonathan Peters,68,38314 Mason Mill,Greenside,Kansas,82136,-128.271196,-42.248514
Lisa Perry,73,129 Meyer Ford,Port Deanna,Michigan,77728,-159.240388,47.828627
Judy Navarro,18,219 Sandoval Crescent,North Johnfurt,Delaware,01137,-49.473057,84.2609385
Sandra Howard,76,2409 Romero Locks Apt. 317,South Adam,Virginia,18597,-114.493918,72.3470235
Amanda Crosby,39,13804 Green Burgs,Petersonshire,Nevada,90018,-123.566833,-83.0602765
Robin Clark,29,306 Osborne Stravenue,Pearsonbury,New Mexico,13822,-79.472124,-77.272676
Debra Hernandez,40,5935 Carter Locks,Port George,Georgia,63431,-110.810553,85.175782
Sherri Wallace,70,0602 Wood Prairie Apt. 857,Cooktown,Alabama,69159,148.037790,8.091813
Melissa Collins,30,4943 Morgan Rapid,New Melissa,Michigan,16431,86.459744,11.838147
Laura Bell,71,3912 Travis Lakes,Kimberlyfurt,New Mexico,12496,178.014486,-78.5781255
Daniel Bennett Jr.,56,64897 Jones Parkway,East Jennifer,Louisiana,40545,-58.691592,11.0918025
William Martinez,48,600 Ramsey Branch,Mossbury,Florida,25838,49.261370,33.058232
Kaylee Silva,46,6232 Karen Walk,Christopherville,New Mexico,87939,-146.717896,-60.324241
Jillian Bennett,27,82796 Aaron Spring,Lake Albert,Washington,22260,142.911441,-50.497780
Jean Howard,70,57140 Hoffman Dam Apt. 494,New Elizabethchester,Washington,55859,165.826629,23.784397
Phillip Roberts,77,549 Caleb Plaza Apt. 492,West Aliciamouth,Nevada,52142,-95.929869,7.7461545
Linda Ruiz,52,4794 Stephen Ferry,Millermouth,Connecticut,09040,-67.997598,89.246510
Brooke Green,60,855 Johnson Pine Apt. 618,Parkerberg,Oregon,04107,75.825819,-54.7222985
Jeffrey Pittman,28,361 Peterson Port Suite 379,East Michelleton,Florida,98478,126.195351,-30.386924
Susan Thompson,32,08183 Williams Roads,New Mark,Wyoming,04886,169.368925,14.034223
Terri Harris,26,91134 Wilkerson Knolls,North Melissashire,Florida,28006,94.395004,50.302650
Rhonda Edwards,31,165 Angela River,South Michael,Utah,15208,135.079760,69.5008125
Rebecca Ford,68,82728 Carrie Hills,Paulaport,Montana,49144,-4.646630,-78.6232685
Elizabeth Ramirez,31,0565 Daniel Station,New Jessica,Kentucky,67645,35.151722,49.108807
Angel Marshall,19,100 Kirsten Ville Apt. 744,Lake Austin,Wyoming,91143,30.954232,66.0445435
William Park,22,36871 Nicholas Prairie Suite 622,Phillipsmouth,Idaho,21331,-169.001890,8.850248
Tara Hunter,20,44986 Gregory Stream,Murphyton,Oregon,94086,13.713926,-66.2771405
Kevin Chavez,52,008 Haley Gardens,Rosechester,Illinois,32104,175.323123,89.715112
Daniel Jenkins,55,194 Jones Manors Suite 814,Johnmouth,Washington,53417,-99.186664,-71.635491
Katherine Flowers,26,697 Mendez Park Apt. 539,New Mark,New Hampshire,76062,18.136658,85.5177045
Robert Alvarez,73,63757 Knight Terrace Suite 878,South Aaronmouth,North Dakota,65865,115.216568,-25.9203375
Beverly Martin,78,759 Elizabeth Lodge,Gallagherburgh,Rhode Island,67845,-112.773782,-39.0840085
Mrs. Darlene Larsen,30,4621 Kyle Terrace Suite 738,Lanceside,Virginia,41033,-60.310425,55.0108195
Mario Pearson,23,94623 Kelly Mission Apt. 201,Nathanside,Pennsylvania,86399,-60.719232,41.3520945
George Hicks,49,7723 Burch Corner Apt. 853,Port Seanfurt,Pennsylvania,03209,107.397576,-19.723824
Sarah Berry,70,31721 Omar Village Apt. 643,Yumouth,Connecticut,89898,105.349407,41.1320775
Samantha Collins,28,8186 Lucero Village,West Nathanielfurt,New Mexico,32865,43.310216,15.1748455
Billy Parker,52,486 Jon Courts,Blackstad,Indiana,65075,-94.866392,-1.2003085
Logan Abbott,60,083 Anita Courts,Lisaside,Kansas,66118,-88.255456,-79.837340
Jordan Mason,29,91589 Victor Square Suite 851,Lake Gregoryville,Arkansas,51901,65.694159,77.236383
Carlos Jacobs,78,1294 Cunningham Groves Apt. 533,Alexiston,New Jersey,81129,-68.632358,34.504544
Kristi Andrade,77,74303 Wade Road Apt. 384,Lake Stevenshire,Iowa,50079,134.215128,47.183990
Pamela Jones,30,2004 Michael Drive,Kennethborough,Mississippi,68138,178.506156,-40.654273
Jeffrey Bradley,77,338 Emily Pass,New Edward,Washington,72365,-19.465367,57.769652
Sharon Young,57,868 Bishop Walk Apt. 219,Patrickshire,New York,04128,159.058862,-43.8828375
Michelle Perez,32,197 Kimberly Falls,Smallfurt,California,28475,-3.547560,53.092870
Derrick Coleman,37,28264 Kevin Summit,South Yvonne,Maryland,48060,-56.739610,33.3210295
Mrs. Katherine Gibson,67,5709 Jessica Course,Davismouth,Oregon,40298,160.676295,-56.3021015
Jesse Prince,28,9975 Cervantes Groves,Hallview,New Hampshire,58764,12.658958,72.207647
Alicia Greer,31,5508 Bruce Oval,Williammouth,Florida,74143,-41.628196,-54.9731485
Hannah Reyes,46,48582 Joanne Parkways,Abbottland,Michigan,02029,-178.147341,-62.1849535
Stephanie Craig,29,9204 Emily Estate,Port Allisonhaven,Illinois,33755,-74.391545,81.543311
Brian Underwood,49,330 Caroline Land,East Shellyside,Delaware,69398,34.126723,85.883424
Tonya Johnson,43,886 Charles Green,Michaelbury,Indiana,10543,-43.396307,-10.755489
Jodi Harvey,80,24087 Calvin Throughway,East Derek,Maine,48461,-64.751867,10.756569
Preston Kirby,54,9675 Krystal Loaf,West Jeffrey,Delaware,25217,85.313032,-34.8276135
Kurt Ferguson,40,664 Diana Burgs Apt. 635,Berrymouth,Oklahoma,74511,-124.820334,-74.364899
Haley Skinner,69,3785 Jones Ranch Apt. 360,Huynhburgh,New Mexico,35308,172.230877,29.9794855
Dawn Riley,56,43749 King Prairie Apt. 065,Smithfurt,Pennsylvania,18381,-132.764865,-55.039288
John Prince,30,6343 Wilkerson Landing Suite 033,Maryton,New Jersey,35512,24.683811,-23.307881
Krista Smith,63,23798 Foster Parkways Suite 736,Port Justinton,Montana,26880,106.817982,-62.800148
Donna Summers,23,498 Holly Meadows,Burtonport,Massachusetts,43771,-3.156551,-13.262427
Adam Morales,73,425 Barrett Key Apt. 579,South Matthewbury,Montana,85484,-138.079249,1.8464065
Ashley Evans,59,64899 Ramirez Drive Suite 967,Lake Theodore,Mississippi,10938,59.204080,-5.2336485
Mr. Gregory Johnson,28,146 Newman Green,Port Matthewmouth,Wyoming,02709,81.621755,-14.760654
Audrey Thomas,38,537 Brown Harbor Suite 415,Kaitlynshire,Arkansas,28888,-117.096984,-35.2929725
Terry Alexander,36,868 Pacheco Rapid Apt. 453,Perkinsville,Rhode Island,87335,-16.729310,-24.441421
Lauren Cuevas,46,09971 Garrett Summit Apt. 691,Hicksport,Indiana,41463,-144.841342,65.6485215
Karen Robertson,29,69175 Haynes Dam Suite 064,East Michelle,North Dakota,66211,40.464093,74.785888
David Johnson,26,45338 Stevens Grove Apt. 921,Kellymouth,Minnesota,74225,-67.851412,0.5186305
Matthew Graham,32,2382 Nicole Ports,West Tonya,New Hampshire,89292,-150.366733,59.1506625
Benjamin Harris,59,673 Ralph Station,West Davidchester,South Carolina,30767,144.709206,79.553389
Phillip Taylor,33,02459 Teresa Neck,Lake Madisonton,New Jersey,67611,65.137676,46.057562
Kristen Baker,42,394 Michelle Road,Herbertborough,Tennessee,91159,39.852600,-69.130144
Christopher Phelps,44,896 Lisa Throughway,South Vincent,Alaska,80345,68.689264,47.9306975
Clifford King,44,97723 Karen Union,Carriehaven,Missouri,31472,123.785265,-30.580299
Ryan Nunez,26,402 Pierce Springs,Williamstown,Connecticut,20064,-71.470495,-75.5969095
Julie Walters,70,9024 Ronald Pine Apt. 966,Boydborough,Kentucky,62683,157.957754,55.3795145
William Phillips,77,078 Brock Station Suite 266,New Heather,New Hampshire,89464,153.173876,6.6067685
Natalie Fernandez,26,0433 Martinez Wall,South Alan,Indiana,24140,7.629263,87.123490
Amber Burgess,30,32811 Jennifer Fords,Brandtburgh,Massachusetts,70787,-177.532756,-23.1712615
Brooke Reyes,32,65067 Rose Shoal Suite 627,West Christopher,Montana,57162,-66.655231,-47.2732885
Megan Garcia,66,90627 Courtney Valleys,Port Andrew,Kansas,36996,39.999953,55.569080
Nicholas Martinez,54,2556 Lowe Dale Apt. 832,West James,Alabama,92986,-174.946275,-17.629864
Julian Harris,38,47481 Wilson Isle Suite 647,West Michaelside,Kansas,56696,131.693238,79.425186
Haley Harris,45,7734 Tiffany Oval,West Michael,Washington,76377,-174.201191,-69.759315
Jonathan Macdonald,34,8203 Jacobson Meadow Apt. 227,Jonathanport,South Carolina,54969,105.859274,-49.231988
Cynthia Oconnor,30,903 Sanders Parkway Apt. 919,South Tammy,Idaho,73287,-136.799404,82.0167905
Michelle Jacobs,54,755 Diana Ways,West Donnaside,Minnesota,65216,161.512351,1.570476
April Simon,72,9724 Duarte Pass Apt. 770,Martinezmouth,Mississippi,73496,-167.140531,-43.6672285
Zachary Long,45,6881 Morris Radial Apt. 952,West Gregbury,Minnesota,60966,-69.039749,53.925440
Cory Allen,47,67420 Heather Mountains,North Janet,Louisiana,68766,-178.877892,69.8109815
Bailey Hensley,70,03305 Schneider Square Suite 761,East Pamelafurt,Washington,13753,-15.504863,-76.4707765
Samuel Allen,61,4161 Butler Ports,Dennisville,North Carolina,27980,-42.548060,12.716936
Harry Odonnell,40,71615 Michele Mews Apt. 059,New Timothy,Illinois,49035,77.479002,79.9756065
Peter Rodriguez,70,449 Dana Ferry,Sarahmouth,Hawaii,45725,174.302196,7.465462
Carly Love,23,9935 Hanson Rest,Lake Sharon,Maine,12830,-94.682187,53.6841655
Jay Cantu,38,819 Tammy Point,Port Robinside,Michigan,00521,165.770497,-8.755337
Jenna Baker,66,373 Vaughan Divide Suite 976,East Tracyborough,Indiana,12122,84.950918,-0.815045
Kimberly Bailey,59,1995 Hall Inlet Apt. 316,South Erichaven,Idaho,23716,73.635482,-68.788209
Heather Newman,47,869 Jeff Turnpike Apt. 626,North Jesse,Mississippi,94972,-58.592749,-64.438168
Kenneth Smith,63,741 Goodman Field Apt. 252,South Hailey,South Dakota,87001,-175.489507,-60.6067995
Nicole Jarvis,57,809 Proctor Unions,Byrdberg,Mississippi,09377,138.790455,16.241858
Richard Noble,71,293 Johnson View Suite 607,Smithport,Georgia,38653,35.001521,-26.983326
Jonathan Wilson,38,8887 Davis Forges,Roweshire,Maryland,24143,171.126700,40.6950195
Walter Vaughn,28,8121 Anthony Ways Suite 417,North Briannafurt,Ohio,72646,175.844031,-71.671497
Ryan Hanna,59,15983 Thomas Drives,Theresaburgh,Rhode Island,99209,-168.065866,24.4820725
Douglas Thompson,72,875 Higgins Harbor Apt. 841,Reedchester,North Carolina,29206,20.199155,16.808200
Tina Thomas,52,35869 Montgomery Plains Suite 739,East Katrina,Oregon,89961,-120.503511,-28.220196
Brenda Tucker,18,5964 Johnson Pines,North Paigemouth,Illinois,08515,-130.658039,12.2095995
Derek Smith,76,190 Jamie Oval Apt. 036,New Markville,South Carolina,03371,-130.435427,13.8535895
John Juarez,60,01642 Fuller Crest Apt. 731,Gibbshaven,Tennessee,64330,83.942348,12.759556
Robert Rogers,49,80163 Ferguson Unions Apt. 416,North Manuel,Indiana,52686,60.039040,17.9282785
Ryan Allen,43,14534 Moore Tunnel,New Katherineland,Indiana,65364,177.929191,-83.352326
Jose Chambers,37,0566 Richards Turnpike Suite 951,Port Craigview,Utah,48409,-126.116013,46.885147
Wendy Hurley,56,88790 Burns Lake,Fuentesbury,Wisconsin,10902,14.133619,-29.846848
Shannon Ramirez,33,83377 Owens Cove,Millertown,Vermont,67940,-123.624044,-87.891482
Andrea Hawkins,50,0237 Williams Fork,New Antonio,Ohio,50315,6.190895,-26.0165065
Christine Schmitt,29,9966 Wolfe Burg Suite 856,Jenniferberg,New Jersey,73390,-11.557354,40.079015
Katherine Ellis,52,57762 Beverly Mill,Salazarside,California,43709,57.261277,51.0776255
Bruce Morgan,33,2172 Barajas Bridge,Smithmouth,South Dakota,65994,149.198490,-60.583350
Debra Bell,45,95872 Ingram Tunnel,East Veronica,Texas,90832,-48.502218,36.159673
Katherine Kline,59,355 Kelly Row,Gregbury,Iowa,87225,-165.281380,8.8283385
Steven Caldwell,56,91674 Sherri Run,Estesside,Washington,02386,146.635336,-7.366285
Alice Williams,62,085 Wallace Rest,North William,Delaware,15815,-164.887379,-0.4743215
Lindsay King,73,0065 John Cove,Lindaland,North Dakota,20391,-151.541623,68.343892
Kevin Delgado DVM,34,32754 Shawn Mountain,East Joshua,Vermont,27966,-103.396893,-56.1823125
Natalie Burton,65,275 Abigail Springs,Sherryton,Nebraska,52250,-141.871660,-20.030015
Kelly Greene,43,9237 Hill Fields Apt. 581,East Maxwellborough,Ohio,15197,77.516559,83.8606815
Stacey Phillips,66,9759 Eric Key Apt. 775,Port Chadton,Oklahoma,59176,-147.431864,-37.4281455
Joann Hudson,26,51244 Clark Park,South Andrewbury,Maryland,93710,-18.787496,3.8994895
Stephanie Pennington,35,560 Vanessa Rue Suite 837,Moralesshire,Hawaii,66528,34.301480,-48.544613
Noah Perez,18,154 Martinez Ferry,Lewisfort,New York,13489,-67.276773,-71.956685
Erica Turner,76,231 Emma Meadows Suite 638,Sullivanton,Indiana,40475,-49.404176,-30.4868485
Donald Robles,40,1048 Hughes Ports Suite 672,Joshuafort,Ohio,97662,78.642069,-46.6087175
Pamela Haney,80,341 Clayton Island Suite 535,Lake Ericland,Indiana,27090,117.478198,-82.8736965
Mrs. Sherri Webster,37,45215 Miranda Parks,Pinedaburgh,Wyoming,69137,-104.127207,10.6146675
Sarah Nash,78,512 Anderson Tunnel Suite 637,East Jonathan,Oklahoma,76167,-94.560298,9.3597355
Stephen Whitney,71,0532 Mark Harbor Suite 722,Lake Jason,New Jersey,28545,133.330106,18.6992025
Stephen Stephens,57,75124 Shelton Haven Apt. 510,Padillaborough,Tennessee,04016,-106.487357,-6.878455
Lisa Miller PhD,22,402 Hobbs Walk,Shannonchester,Idaho,08762,-113.677890,-75.4915955
Frances Lowery,46,83817 Scott Park,Jonathantown,South Carolina,10715,99.522447,-1.663144
Ashley Taylor,45,014 James Camp,Kimberlyport,Nevada,75008,-67.845253,52.293149
Erin Tucker,35,22929 Patterson Knolls,South Jessicamouth,Maine,85674,14.649166,-18.1529425
Nathaniel Bell,76,73604 Allison Way Apt. 273,East Ariel,Texas,86712,-125.267730,0.216655
Sandra Washington,60,267 Joshua Pass Suite 257,Lawsonbury,Tennessee,20061,138.407061,-32.5593625
Adrienne Williams,27,108 Michael Bypass Suite 267,Luistown,Oklahoma,69116,-42.383063,-31.1319395
Ronald House,21,54140 Wyatt Viaduct,West Andrea,Louisiana,16633,149.922544,-73.0992575
Connor Roberts,62,3118 Kenneth Cape,Keithchester,Rhode Island,95728,58.638499,-0.1768685
Elizabeth Gates,42,4862 Clark Island,Michaelville,North Dakota,73196,-69.189685,29.308808
Barbara Cardenas,66,4078 Torres Center,Johnsonchester,California,23095,25.762816,45.603346
Monica Huber,64,4476 Bolton Vista Suite 903,North Margaretchester,New York,96447,102.058677,-40.372542
Nicole Smith,44,2831 Santiago Crescent Apt. 977,East Denisebury,Ohio,82044,87.780909,47.8710495
Mr. Raymond Davidson,52,95965 Moore Forges,Luisfort,New Mexico,61726,-167.253196,44.4923555
Kaitlyn Weaver,61,730 Tracy Parks,Jenniferfort,Michigan,29839,-63.448810,45.130047
Frank Ramirez,28,32902 Thomas Heights Apt. 841,West Jessica,California,05433,33.942329,73.6363575
Maria Adams,30,0949 Middleton Extension Apt. 348,Dawnhaven,Virginia,65931,90.500864,-8.461197
Kelsey Cook,31,1368 Michael Plain Suite 423,West James,Pennsylvania,89711,-77.969313,8.1995235
David Cummings,33,7278 Mcgee Neck Apt. 402,East Phillip,Illinois,34742,118.577105,15.5716135
Karen Norris,56,2336 Amy Road Apt. 325,East Michaelport,Colorado,92737,98.530564,52.765281
Edward Griffin,79,1212 Butler Motorway Apt. 802,Williamshaven,Nevada,82751,-146.667525,-1.152952
Jeffery Valenzuela,51,9217 Delacruz Inlet,Justinstad,Tennessee,75551,81.905238,-17.458891
Angela Harper,75,0216 White Courts,Shaneburgh,New Hampshire,45998,98.714215,5.5011975
Gregory Wise,23,84102 Andrew Hollow Suite 090,Port Richard,Alaska,87606,13.852603,29.055553
Marie Gonzalez,26,80568 John Extension Suite 965,Harveyfort,Delaware,06613,-56.239957,68.8561655
Katie Thompson,28,79660 Ryan Prairie Apt. 002,South Christopherhaven,Maryland,73576,147.751589,-80.267167
Morgan Williamson,40,089 Becky Plaza,East Jefferyville,Oklahoma,92681,52.477381,69.586695
Kimberly Melton,53,157 Mary Field Apt. 033,New Elizabethmouth,Louisiana,24478,149.937126,-24.5042035
Christina Moreno,39,170 Sharp Inlet Apt. 047,Deborahton,Maine,62624,-168.014573,43.4664935
Suzanne Benjamin,45,5615 Schultz Island Apt. 763,Jamesside,Hawaii,98159,88.970543,-55.9090885
Patricia Cook,47,2191 Strong Islands,Marybury,Arizona,41875,-135.523372,-9.9172835
Stephanie White,55,3940 Daniel Bridge,Butlerside,Alabama,21874,-35.486108,27.464324
Maurice Haynes,22,234 Betty Island,Escobarview,Rhode Island,08090,-70.930244,26.7339315
Stacey Chan,61,8320 Campbell Terrace,Elizabethshire,West Virginia,89237,-175.106813,14.467234
Timothy Myers,43,40990 Wood Freeway Suite 697,Davidfort,Michigan,97405,170.763501,5.652504
Shannon Anthony,61,43762 Alexander Rapid,Rowlandchester,North Carolina,17537,-22.628282,-64.9450635
Bryan Juarez,41,269 Kathy Villages Apt. 171,Port Oscar,Texas,03718,124.232649,-7.4432565
James Munoz,80,58435 Hayes Lakes Apt. 040,East Keithchester,West Virginia,15248,-128.627646,35.0818655
Mary Ferrell,44,8700 Melton Mountains Suite 979,Lake Alexander,South Dakota,05014,14.779720,41.1960235
Kevin Baker,52,54083 Sullivan Turnpike Apt. 659,Johnbury,Mississippi,59433,142.306737,71.407251
Kimberly Freeman,69,3194 Charles Via,South Melissaton,Vermont,35810,131.630097,41.528584
Jeanne Johnson,50,6031 Bridges View Suite 603,East Kendraton,Utah,44362,65.845002,10.475194
Elizabeth Hamilton,66,59046 Larson Stravenue,Stevenbury,Idaho,59727,-160.033560,83.393995
Paula Diaz,18,11729 Carter Parks,Abigailmouth,New Mexico,02249,-82.814194,-69.769400
David West,58,965 Brown Ramp Apt. 495,South Rachel,Iowa,17719,-51.999583,-11.3280155
Blake Ross,53,5327 Meyer Cape Suite 207,West Jamesberg,Nebraska,74524,138.633716,-41.088476
Thomas Little,48,871 Kimberly Light,Sarahland,Kentucky,94530,36.406571,9.909379
Richard Bennett,52,5198 Velazquez Hill Apt. 144,Rogersview,New Hampshire,94238,146.902350,-63.9242445
Gary Rice,36,129 Sanchez Rapid Suite 635,Jessicafurt,California,64168,127.669903,-39.1541185
Kyle Coleman,67,44094 Darrell Grove Suite 607,East Mirandaport,Pennsylvania,83665,-164.905705,17.6529895
Diana Ferguson,58,80600 Ramos Stream,Port James,North Dakota,48279,-95.804740,16.4660395
Michael Scott,39,3385 Paula Via,Virginiashire,North Dakota,93101,-158.419530,47.872289
Vanessa Jefferson,51,1725 Nicole Station Apt. 441,Melissabury,Maryland,44101,53.019517,-80.111924
John Williams,34,98115 George Station Apt. 512,South Staceyside,Nebraska,93785,179.245282,82.7370815
William Boone,49,29621 Gordon Lane Suite 721,Johnstontown,New Hampshire,31079,-148.112859,54.191951
Evan Mcgee,38,3018 Benjamin Course Apt. 117,Wayneside,Maine,49369,61.252000,-43.479992
Elizabeth Espinoza,39,3919 Carla Ridge Suite 448,Laurenfort,Kansas,67516,-74.948723,36.498940
Logan Lewis,19,0285 Carla Alley Apt. 782,Greenshire,Colorado,52544,108.552971,-32.4738435
Katherine Valencia,49,54927 Hill Run,North Coreyport,Wyoming,76391,92.100582,-31.164785
Mary Goodwin,33,448 Denise Mountains Apt. 254,Powellshire,New Mexico,61652,36.622281,-10.4678195
Christine Wilson,38,68927 Dunn Shoals Apt. 913,Lisaville,Oregon,44853,23.638624,-28.312913
Michelle Carr DVM,30,5862 Holmes Stream Apt. 620,Paulstad,Nebraska,01022,-138.635783,6.855459
Robin Ortiz,31,7202 Cindy Terrace Suite 784,Terrencemouth,Delaware,27605,-55.050194,-49.9460885
Andrew Jones,42,2849 Mccarthy Lake Suite 963,Rogersland,Idaho,11510,-66.611176,49.877045
Cindy Gonzalez,55,0609 Bennett Brook Suite 942,East Savannahview,South Dakota,25434,-12.000315,11.471159
Michael Ellison,73,6191 Mary Squares,Turnerfurt,Montana,22638,146.811195,-68.605364
Kathryn Myers,52,2775 Jeffrey Stravenue Suite 640,West Stephanieview,California,02895,96.752000,-31.3786515
Heather Castillo,48,738 Jo Drive,Elizabethland,Washington,62145,49.725559,-63.539171
Faith Reed,55,9727 Massey Mills Apt. 892,Hillfort,Ohio,35067,159.943676,69.098295
Jasmine Cortez,28,5275 Michael Mountain,East Heather,Illinois,02537,150.916047,53.1969405
Larry Mcneil,70,23942 Douglas Rest,North Jonathan,Iowa,33595,-143.402230,87.370806
James Hardy,33,8527 Andrew Plaza Suite 722,East Elizabeth,South Dakota,90091,107.229819,45.298661
Ashley Dunn,50,346 Stevens Causeway Suite 615,Norrisburgh,North Dakota,16815,-75.436115,9.050146
Laurie Vazquez,54,37494 Ferguson Park Apt. 668,New Susanburgh,California,66346,96.295828,1.328423
Patricia Ball,78,857 Christine Manors Apt. 947,Harmonburgh,Maryland,01655,98.742809,57.113674
Amy Holden,22,080 Guerrero View Suite 343,New Judith,Arkansas,49523,53.022677,-30.6968835
Mrs. Kelsey Phillips,43,301 Gonzalez Walks Apt. 593,Lake William,New York,51635,-106.170618,37.2349825
Brian Collier,52,307 Mayo Creek Apt. 376,Alyssaburgh,Arizona,42981,96.017803,-35.876287
Becky Carter,48,673 Barrett Inlet,North Bryan,Wyoming,48877,139.680602,35.9538685
Melissa Gonzalez,26,41889 Valdez Union Suite 286,Port Brianton,Illinois,07945,173.810737,1.480700
Amy Carroll,44,49478 Murphy Point,Port Hannah,Florida,63612,112.456819,-69.5190935
Gerald Moore,61,940 Harper Glen Apt. 197,North Alexander,Missouri,20570,-70.052881,-14.3875085
Marissa Cisneros,20,9346 Hamilton Extensions Apt. 556,Fisherland,Minnesota,43269,-7.218478,50.030369
Todd Contreras,78,9296 Matthew Lakes,East Robert,New York,71750,130.506194,-25.158710
Barbara Lamb,22,07801 Lopez Drive Apt. 325,Gonzalezbury,Maine,17444,170.947396,-33.746677
Laurie Anderson,67,7022 Jimenez Ports,Nguyenton,Washington,53413,-66.047110,54.1359485
Amy Blankenship,69,946 James Harbors,Josephberg,Maine,35338,-81.182611,-50.323704
Danny Holland,25,43433 Santos Springs,New Judy,Indiana,94733,-66.119874,-49.5214685
Derek Jones,64,9028 Chang Harbors Apt. 277,West Austinton,Kansas,66352,-23.068853,30.5731545
Eddie Thomas,70,51926 Stephanie Tunnel Apt. 116,West Michael,North Carolina,44471,-18.278461,-0.633679
Danielle Willis MD,43,96296 Mark Points Suite 215,Henrymouth,Utah,11189,-97.215829,-67.174941
Andrew Aguilar DDS,42,97802 Crawford Mews Apt. 010,Grahamland,Mississippi,49521,-102.024084,21.894002
Eric Davis,67,44698 Nelson Knolls,Palmerport,Vermont,35580,-146.336302,-36.873754
Jillian Graham,69,501 Lisa Meadow,West Mirandaburgh,South Dakota,94886,41.825043,25.993684
Jasmine Thompson,40,657 Henry Flats,West Garyland,Maryland,70399,4.205587,-8.726124
Brian Cervantes,47,065 Stephanie Unions,East David,Missouri,75500,121.357576,64.893313
Joe Clark,57,484 Ashley Summit,South Luis,Montana,36133,-178.593320,-86.476092
Angela Johnson,36,32459 Brown Isle,West Samuel,Utah,91842,74.533576,2.246139
Joseph Hudson,33,0214 Welch Cape Suite 168,North Lindaport,Colorado,72294,82.470224,-64.270417
Brandon Thompson,49,864 Ochoa Green Apt. 709,West Toddshire,Nebraska,40470,6.821412,-82.8142005
Randy Flores,48,40583 Williams Cove,North Ashley,New York,20349,-119.051215,84.2510925
Tammy Williams,71,11738 Adams Way,Port Lindabury,Kansas,47924,173.462833,49.7655055
Aaron Johnson,52,751 Walton Run,Lake Kenneth,Louisiana,07809,174.387495,-74.1733785
Matthew Thomas,54,4762 Matthew Creek Suite 972,Rodriguezview,Louisiana,18029,-66.726574,71.948386
Latoya Peterson,32,97683 Fernandez Crossing,South Adamshire,Alabama,17055,117.406418,27.532040
Stacey Blair MD,64,41626 Boone Cliff Apt. 761,West Ralph,Virginia,37166,35.136259,77.2794045
Alejandro Arnold,66,68490 Danielle Pines,Port Timothybury,Minnesota,53745,-136.536636,-74.0272245
Evelyn Mcdonald,45,09003 Madison Corners Apt. 307,Port Matthew,Alabama,95476,-55.019606,-40.953093
Jerry Contreras,25,8814 Martin Grove Apt. 039,Ryanton,Illinois,30795,-73.712232,1.1926535
James Norman,60,66847 Dennis Brooks Apt. 357,Johnshire,Alaska,21075,63.559492,-68.603063
Mr. Chad Garcia,49,676 Beth Estate,Smithberg,Arizona,01060,41.386092,82.8945975
Melissa Watkins,35,84069 Vanessa Motorway,Obrienbury,New Hampshire,01319,116.880347,-81.049144
Chad Watson,29,2506 Duran Path Suite 030,Port Justin,Oregon,65399,-54.893456,-46.6329045
Kenneth Rhodes,30,30489 Swanson Trafficway,Danielsville,Arkansas,93437,-115.348344,-30.4901975
Shawn Keller,60,1076 Joshua Station,East Scottberg,Florida,38043,60.425138,-79.859731
Scott Archer,72,0237 Henry Port,West Kimberly,West Virginia,18110,-82.997871,75.5794105
Jason Sullivan,25,6795 Kramer Springs Suite 088,Spencerfurt,Iowa,66114,66.918513,-41.4279125
Mr. Larry Miller DDS,32,003 Carr Common Suite 192,Lake Eric,Georgia,08585,82.659084,8.349673
Gregory Davis,19,446 Allen Street Apt. 953,East James,Kansas,10194,74.784324,-3.5647285
Michael Vega,59,1635 Anderson Extensions,North William,Massachusetts,96295,-9.380793,66.2691675
Robin Sosa,34,39002 Felicia Court,Nguyenbury,Virginia,07542,-144.893085,4.3950935
Bonnie Kirk,51,718 Jenkins Key Apt. 485,North Georgestad,New Hampshire,58160,-53.127862,12.920567
Terry Guzman,72,4210 Amanda Run Apt. 793,Joebury,West Virginia,10757,-151.542209,-12.207179
Morgan Lucas,32,523 Stephanie Light Suite 352,North Jackburgh,North Dakota,07971,-162.692470,-44.627784
Johnathan Lane,65,96948 Christine Valley Suite 236,Samanthaburgh,Nebraska,43847,110.418138,79.080207
Lance Murray,51,172 Merritt Overpass Suite 244,East Matthew,Alabama,07116,-92.985474,78.158354
Daniel Hancock,34,3692 Wilson Manors Suite 968,Floresview,Alabama,74139,51.148781,-30.946356
Kenneth Robinson,62,31051 William Meadow,East Michael,New Mexico,87351,-179.064132,3.1480915
Michelle Lopez,42,94342 Morales Hollow,Frenchtown,New Hampshire,89762,118.466275,-16.8370765
Roberto Delacruz,77,043 Brown Ridges Apt. 314,West Lauraborough,Rhode Island,75853,79.162155,-34.232495
Calvin Jefferson,73,26279 Gentry Stream,Lake Markmouth,New Jersey,74450,-86.057084,-9.160880
Marc Gibson,41,7074 Frazier Drive,Matthewville,Alabama,10662,-178.780578,-86.519383
Nicole Moore,20,6704 Michael Mountains,West Sarah,Oklahoma,10609,-107.219255,-40.290146
Jenny Sullivan,39,8769 Black Cliffs,Hayeshaven,Massachusetts,62239,-131.782296,31.8316385
James Turner,26,708 Michael Junctions Suite 273,Port Scott,Massachusetts,13832,76.440571,-76.715127
Justin Shea,46,37574 Garza Port,North Gina,Washington,98506,115.456034,-9.103157
Ryan Frazier,36,22488 Thompson Gardens Suite 514,East Jessicaview,Colorado,35656,80.922699,28.445205
Joshua Zimmerman,28,060 Jeffrey Skyway Apt. 838,West Barbaramouth,Illinois,32574,135.530483,-26.4750685
Mr. Walter Delgado,38,1287 Mckinney Way,Tiffanyport,Utah,26587,-7.937775,16.853260
Patricia Richardson,46,19031 Williamson Forges,West Sonyaville,Washington,31466,-93.576216,20.0414395
Molly Gray,49,490 Jamie Tunnel,Coreyton,Rhode Island,90715,143.910563,-89.249169
Ashley Randolph,38,60245 Carla Greens Suite 565,New Anthony,South Carolina,83345,67.129426,-6.292825
Jocelyn Reid,28,8566 Dillon Square Apt. 261,South Anne,New Hampshire,65135,76.205621,49.2084475
Jennifer Moore,59,1262 Teresa Meadows Suite 841,New Christopher,California,18820,21.136754,-7.5798585
Keith Hoffman,53,535 Anderson Hill,Washingtontown,Virginia,90522,-42.574942,38.074688
Larry Lopez,53,72774 Michele Curve Suite 057,West Katherineshire,Utah,40911,-13.633435,58.4583705
Robert Flores,61,67487 Alicia Tunnel,Thomasland,Delaware,03329,131.572571,-50.5350465
Kyle Gomez,27,874 Quinn Spring,Nathanview,Maryland,39040,133.510728,-18.133562
Benjamin Cortez,43,12177 Adrienne Coves,West Ronald,Nevada,66357,136.711288,-51.4455045
Mark Watson,65,62067 Greene Views Suite 431,West Christina,Ohio,33719,-120.185416,-22.4283785
Elizabeth Collins,68,6510 Christopher Parkway Apt. 111,West Jamie,Connecticut,44938,-179.534511,16.345402
Tiffany Duran,79,07568 Nicholas Corner Apt. 627,Heatherhaven,Tennessee,72708,54.481819,-66.5439775
Angel Mcdonald,35,862 Clark Radial Suite 134,Meganhaven,Nebraska,61335,-102.532821,44.2568415
Bailey Stephens,21,32338 William Mall,Ewingchester,Oregon,55958,162.690781,-42.2360455
Craig Turner DDS,64,113 Nicole Isle,Martinezfort,Louisiana,81155,-109.152736,62.946829
Stephen Smith,56,60458 James Pines,Jenningsshire,Maryland,30853,-67.891852,-80.6838815
Eric Cross,79,83899 Christian Trace Apt. 858,Hortonstad,Rhode Island,24967,-170.033897,-16.0891565
Robert Brewer,46,39879 Curtis Mall Suite 460,North Calvin,Missouri,95066,-91.386305,-67.556679
Michael Horn,55,39998 James Plains,Timothytown,Minnesota,61496,-80.354204,43.246342
Alexandra Pineda,49,891 Walters Throughway,West Phillipland,Oklahoma,80335,-34.771470,84.025699
Frank Phillips,30,31661 Willis Club,North Zacharyton,Oklahoma,58411,-81.486486,25.7472725
Julia Porter,23,49355 Barbara Vista Suite 231,Nicholsborough,North Carolina,81894,34.280123,-45.427302
Elizabeth Lyons,51,198 Patterson Stravenue,West Colleen,Nevada,03664,77.158621,-4.2264765
Courtney Hill,62,0238 Kristina Knolls,Lake Linda,Indiana,76771,-67.470263,51.348058
Rhonda Roberts,75,91189 Sarah Ranch Apt. 404,Mclaughlinland,Louisiana,45146,-10.147277,61.477856
Mr. Willie James,29,63412 James Port Suite 248,New Jacqueline,Hawaii,72231,71.053204,-41.453028
Kyle Mccarty,54,2220 Abigail Field,Heidichester,Florida,01801,160.488503,-32.928033
Christine Williams,20,2853 Shawn Heights,West Andrew,Alabama,61906,-16.211962,53.736493
Dana Lee,64,6686 Joseph Highway,Bradyport,Minnesota,68115,-136.570492,-53.356980
James Mcmahon,21,8944 Marie Prairie Apt. 303,Harrisonfort,Delaware,52358,-101.904695,12.9635675
Ian Sparks,22,27134 Cisneros Mountain Suite 255,Christinemouth,Tennessee,94306,81.439653,-69.717554
Gregory Morgan,42,0703 Michael Shoals,South Williamburgh,South Carolina,41159,158.591109,-67.074048
Miss Michelle Simpson,80,767 Braun Lodge,West Marvintown,Ohio,90371,-134.750179,-12.7744955
Allison Johnston,52,957 Melissa Junction,East Oliviabury,Alabama,04317,139.410493,13.2681205
Kyle Richardson,75,457 Armstrong Ville,West Jeffrey,South Dakota,36176,-24.837878,5.765333
Blake Miller,73,86458 Ronald Fort,Stephaniemouth,Tennessee,12613,-54.587826,-38.910399
Brenda Valencia,73,98310 Mitchell Parks,Donaldsonfurt,New Jersey,20925,-149.270013,-54.869855
Karen Diaz,65,3034 Thomas Garden Apt. 991,Walkerton,North Dakota,61199,83.341414,16.7056915
Jeffrey Bautista,75,24767 William Fords Suite 406,Brianburgh,Minnesota,56445,-153.198117,-55.032555
Richard Rodriguez,21,22519 Davis Mission,New Linda,Massachusetts,01646,-14.351303,40.790610
Joseph Thomas,80,563 Webb Glens,Jacksonview,South Carolina,97973,99.571051,0.516171
Matthew Fischer,46,10992 Cole Rapid,East Manuelville,New York,99371,2.644916,78.037812
John Orr,64,3002 Madison Springs Suite 835,New Kevin,Idaho,36527,-23.577354,-26.6645095
Tanya Hill,64,7115 Colin Plaza,Thomasberg,Nevada,93404,99.492659,28.557288
Ryan Benson,78,903 Rowe Alley,Anthonymouth,Pennsylvania,08910,63.636868,-5.6687725
Shawn Bullock,45,40557 Mccoy Lakes Suite 126,North Charlotte,Minnesota,03604,-79.556480,87.704370
Stephen Taylor,77,715 Fuller Passage,Port Whitneyborough,Alaska,74780,-83.083121,27.236943
Kimberly Gordon,52,46574 Nicole Crossing Suite 953,East Brandonside,Wisconsin,41889,-95.188584,35.3541235
Levi Williams,28,726 Kathleen Way,Donnachester,Ohio,37010,124.079830,-18.4374345
Frederick Mcdowell,39,345 Lopez Hill,Nancyland,North Carolina,05709,69.454589,-65.3927225
Sandra Harris,20,4720 Billy Dam Suite 970,South Jean,Arkansas,56021,-27.269112,73.8709635
Mr. Christopher Lynch,23,9178 Wilson Walk,Lake Stevemouth,Massachusetts,89882,-171.358491,-82.554080
Gabrielle Sanders,25,41499 Sara Springs Suite 808,North Toni,Illinois,38316,31.683815,-81.946804
Alejandra Williams,48,21712 Dawn Alley Suite 650,Christopherbury,Illinois,42697,154.165624,-9.263132
Jennifer Rollins,79,2818 Graham Freeway,Chadfort,Maine,02736,-55.110880,-68.4736885
Tony Obrien,54,68949 Joseph Lakes Suite 735,Lake Timothy,Utah,30453,151.802563,52.4475305
Jeffery Vargas,39,30696 Robertson Greens,North Peterberg,Wisconsin,94328,63.786467,-24.184694
David Rios,61,8574 Nash Track Apt. 415,Robertston,Wyoming,09537,-114.807573,-43.176961
Ralph Sampson,35,060 Taylor Falls Suite 115,East John,Texas,18061,82.087144,-76.435093
Jennifer Mitchell,41,81719 Bruce Heights Apt. 352,North Tyler,New Jersey,45540,35.951800,-49.898535
Megan Mendez,31,09730 Jennings Street,Whiteton,New York,42091,-61.893607,28.9265285
Travis Hughes,48,382 Maria Tunnel,New Daniel,Wyoming,29618,3.632380,2.251982
Tyler Hood,21,0249 Nicole Roads,New Bradleyhaven,Washington,43910,105.276009,-67.054913
Scott Scott,48,8803 Jimmy Gateway Suite 566,Lake Nicoleport,Utah,04965,-156.017583,-41.9171545
Casey Olsen,60,2366 Destiny Stream,Barronside,West Virginia,66926,-101.769574,-63.553251
Yvonne Scott,77,32415 Colin Viaduct Suite 143,Lake Karentown,Ohio,80925,18.305822,-81.3634535
Erica Graham,45,746 Juan Squares,South Jennaside,Alabama,35643,-123.904669,-61.136171
Kristen Marshall,69,7439 Brown Green,New Judy,Florida,38417,-161.892840,78.346065
Ruth Daniel,36,5620 Angela Viaduct,Frazierstad,Colorado,46213,60.169302,36.0729395
David Mcclain,54,7523 Floyd Light,Lake Kelsey,California,35521,125.639518,35.209051
Emily Griffin,26,3383 Lewis Ridge,Port Christinaland,Delaware,33588,-103.521116,71.6287445
Jonathan Anderson,27,1889 Daniel Row,Howellstad,New Hampshire,02987,129.222704,41.453352
Kristen Mathews,19,565 Rachel Flats,North Kevin,Illinois,36246,11.890841,77.5663525
Michelle Scott,46,630 Hensley Turnpike Apt. 472,Jacquelinefort,Massachusetts,65383,105.347898,18.8425755
Crystal Henry,33,3171 George Common,North Cameron,Rhode Island,96780,-69.737341,71.7870005
Kerry Blake,76,999 Scott Field Apt. 548,West Pamela,Hawaii,20305,118.073252,-78.3225445
James Reynolds,35,7010 Ramos Spring Apt. 793,South Mary,Louisiana,86747,104.078310,35.9703045
Christina Mata,76,916 Elizabeth Estates Apt. 685,Calebbury,Alaska,43303,-47.987631,-56.7965305
Angelica Stone,47,8443 Christopher Hills Apt. 017,Joshuaview,Oregon,89407,27.522749,56.7946705
Robert Miranda PhD,50,589 Ruiz Stream,Port Robert,Tennessee,87230,-98.645966,77.134077
Leslie Wall,48,11199 Pamela Run Suite 749,South Alexanderbury,Mississippi,83469,20.824536,64.8263175
Sabrina Sharp,29,28619 Kennedy Drive Apt. 734,Michaeltown,New York,30556,-101.925043,-56.2168105
Connor Vega,45,57007 James Groves,Christinestad,Oklahoma,02540,141.523605,88.8213095
Ethan Bridges,38,588 Wilson Flats Suite 396,Dylanside,Massachusetts,38319,-76.118103,16.524898
Amy Martin,78,1153 Sanchez Rapid,New Erikberg,Missouri,10069,82.074755,46.4501015
Nicole Bird,79,65100 Kevin Tunnel,Christopherborough,California,07142,-75.218995,-42.374749
Joe White,36,802 Walker Trace Suite 660,Lake Nicole,Montana,24937,-157.661280,-60.362864
Sarah Brown,67,591 Michael Lakes,South Jerry,Indiana,78832,9.339584,26.8561655
Donna Ware,61,561 Rachel Ridge Apt. 093,Williamstown,Maine,13243,48.045361,-47.221330
Cassandra Wilson,30,842 Jeffrey Spurs,Rodneyville,California,78719,17.434598,-60.4920365
Rebecca Davis,77,4240 Fuller Fords Suite 944,Isaacstad,Kansas,97643,123.290722,52.840276
Caleb Williams,79,282 Morris Meadow,Port Mariamouth,New Jersey,59322,14.101078,-59.0319635
Eileen Hodge,38,579 Raymond Path,Patelshire,Nevada,59424,28.677010,10.160978
John Henderson,21,22495 Michael Pine Apt. 001,New James,Texas,48861,31.585867,-5.037109
Erica Lane,49,02041 Robbins Via,Lake Lawrence,Michigan,76467,139.077357,-65.1109465
Donna Martin,58,5539 Matthew Junctions Apt. 613,Ashleystad,Idaho,40327,-147.719080,26.0825885
Joel Hill,71,49190 Luke Meadows,Lake Kayla,Montana,04051,-93.383050,53.0331915
Cindy Robertson,74,010 Lawrence Extension Suite 171,East Mandyton,Arizona,21631,-70.145697,63.262905
William Brown,27,0865 Laura Mountain Apt. 047,Estesborough,New Mexico,44289,-33.856897,-25.833672
Mark Smith,34,676 James Radial Suite 627,West Nathaniel,North Carolina,62900,-106.629053,11.4677085
Julie Jordan,34,479 Dustin Circle Apt. 181,West Elijah,Iowa,50674,-89.017072,-75.591655
Donna Brown,78,3811 Acevedo Summit,South Desiree,Virginia,15711,176.364893,-0.7850705
Nicole Holmes,77,22444 Figueroa Stravenue,Jefferyland,New Jersey,30306,-94.432564,61.7783775
Kevin Sanchez,38,77181 Tammy Viaduct Apt. 219,Lopezburgh,Wisconsin,61227,-87.243767,-89.1675685
Michael Clark,53,36452 Johnson Locks Apt. 828,Marquezburgh,California,75639,-87.904372,39.697798
Erica Horn,40,14301 Zachary Way,Emilybury,Vermont,50408,-177.805821,-4.2468865
Lisa Maldonado,67,0513 Simpson Mill,Lewisview,Oregon,26657,155.624450,-88.978148
William Lopez,37,633 Misty Motorway,Kristinamouth,Utah,40576,168.990829,21.2367265
Natalie Simpson,35,121 Lee Plain Apt. 538,Lake Michaelberg,Connecticut,49123,-130.554121,-45.6145525
Diana Barnes,66,4080 Amy Ranch Suite 016,North Leslieberg,Alabama,97194,-128.063436,-51.5910195
Joan Mills,36,43510 Donna Junctions Apt. 800,Adamsshire,Connecticut,47178,-50.769831,-84.137856
Justin Hayes,27,5652 Hamilton Light,Craigland,Utah,46471,58.244953,51.4932575
Mark Taylor,37,21783 Steven Station,Gomezside,Iowa,55926,133.270262,54.1605905
James Webb,54,087 Pratt Dam,Lake Amberhaven,Louisiana,48764,158.029283,32.913771
Danielle Mcintosh,29,6665 Bennett Falls,Connerborough,Kentucky,44600,9.109456,-73.4695795
Catherine Blair,35,39416 Dean Road Apt. 219,Roymouth,Rhode Island,92939,165.677585,85.865584
Ray Brown,35,961 Ariana Courts Suite 131,Jeromeburgh,Delaware,98170,-34.673054,7.2941415
Nicole Allison,58,062 Holly Summit Suite 834,North Johnathan,Texas,17044,-111.464845,78.4410245
Breanna Osborne,54,17399 James Path,Port Barbara,Oklahoma,65642,171.507008,-5.439597
Andrea Ferguson,64,5404 Montgomery Street Suite 227,Ericside,Washington,11741,53.518786,-25.0911475
Jason Aguilar,34,19000 Melinda Freeway,West Carolinestad,Delaware,32536,28.625007,-68.3580505
Anthony Odonnell,40,962 Scott Rue,North Linda,Kentucky,80605,14.028846,-28.497637
James Payne,18,280 Lam Light,East Ross,Delaware,00566,-135.665641,-26.869850
Michele Douglas,46,915 Mark Courts Apt. 206,Port Nancyton,Maryland,00964,-178.144061,-0.879798
Darren Walker,76,020 Debbie Greens Suite 030,Youngport,South Dakota,22464,-65.026930,-67.9280525
Erica Gray,39,85454 Dawn Village,East Dustin,Florida,33518,-113.647788,73.456620
Denise Rodriguez,72,278 Dunn Manor Apt. 152,Hamptonport,Oklahoma,17961,48.558386,-41.2284195
Kelly Ortiz,69,221 Jack Gateway,North Christinaville,California,42732,-85.631007,65.9936735
Scott Rogers,35,4008 Angela Spring Suite 053,East Daniellefort,South Dakota,53074,127.854073,19.358632
Jessica Lopez,56,75515 Morales Center Apt. 330,West Randall,Connecticut,67351,-125.651246,38.8336275
Dillon Marquez,59,172 Michael Extension Apt. 601,East William,Montana,92920,135.481225,55.139460
Aaron Ferrell,43,3260 Jessica Summit Apt. 608,Port Anitaland,Maine,32408,-149.708696,16.6716255
Anthony Newton,63,74347 Joseph Inlet Apt. 165,Port Adamberg,Virginia,71432,157.822764,-87.407078
Marcus Andrews,78,931 Turner Lights,Michellefort,Vermont,51526,-94.442581,4.7409935
Kathryn Davis,76,0723 Williams Walks,Bridgetport,South Dakota,21914,-101.011947,-79.457584
Holly Moore,23,9862 Walter Passage Suite 919,Port Amy,Georgia,68115,48.987082,-16.494449
Jacob Wright,29,68281 Richard Villages,South Davidshire,Tennessee,72623,146.681284,-10.1168565
John Kim,35,906 Jeffrey Islands Suite 190,Fischermouth,Wisconsin,56940,-27.185499,-89.390734
Joseph Duffy,47,73384 Dawn Skyway Apt. 374,Ramirezland,Wisconsin,81097,31.869690,30.293304
Jeremy Wheeler,42,73984 Kelly Vista Apt. 346,North Christown,Pennsylvania,51216,124.091490,-9.0898525
Monique Jones,65,44368 Gomez Court Suite 470,North Eric,Michigan,98430,123.984662,22.9867155
Heather Anderson,18,00832 Rogers Via,West Matthewbury,Vermont,94805,49.160504,37.3978725
Debbie Summers,74,91001 Galloway Mountains Apt. 165,Tiffanyside,Texas,80732,152.799997,40.007000
Frank Compton,77,3747 Christopher Plains,Dixonville,Wyoming,63471,116.919954,-53.391061
Dr. Diane Smith DDS,61,9516 Douglas Groves,Barnesview,West Virginia,80650,-167.087377,84.622702
John Chavez,41,8813 Garcia Parkway Apt. 608,Jesseview,New Mexico,06419,-90.882053,-40.961011
Ronald Bennett,52,44913 Morgan Fords,North Amyside,Utah,51209,6.268305,-57.0908665
Mark Patton,58,7742 Schmidt Mount,Lake Craig,Illinois,42658,23.162018,-13.2579405
Kimberly Peterson,18,010 Evans Lane Apt. 437,Charlesfort,New Mexico,27517,170.284582,82.9618615
Christopher Young,54,4589 Levy Springs Suite 271,North Nathan,Minnesota,81301,-92.376745,3.5639065
Bryan Henderson,38,6090 Christopher Corners,Michelleport,New York,50548,-149.138955,-32.885473
Brittany Butler,54,46234 Scott Walks Suite 587,Pattersonland,Massachusetts,76281,-97.799965,-35.1585725
Alexander Lee,18,7796 Bill Expressway Suite 683,New Christinabury,Ohio,52432,62.399287,-78.212926
Erik Phelps,71,54359 Francis Center,Whiteburgh,Utah,60368,34.683842,-77.583746
James Jackson MD,74,1841 Perry Keys,Davidberg,California,97837,169.345894,45.986396
Amanda Long,34,805 Perez Motorway,New Stephanieburgh,California,61514,-1.453074,-70.662743
Joel Montoya,76,94893 Alexandra Flats Apt. 249,Brentbury,Montana,83342,-108.491676,-39.3556865
Jeremy Sullivan,58,3061 Hernandez Ford Suite 246,Brandychester,Oregon,89555,166.096339,85.682927
Brittany Diaz,79,8017 Martin Glen,Johnsonhaven,New Mexico,10587,68.544367,22.3659465
Jessica Peck,79,003 Erika Corner,Lisaburgh,California,46276,-48.979375,-36.330428
Alexandria Vasquez,79,204 Natalie Ways,Yorkland,Alaska,02563,164.307512,57.739094
Kelli Moran,39,306 Knight Rapids,Johnshire,Mississippi,82457,-91.707417,-77.273680
Sharon Strickland,67,850 Murray Walk,Baileyshire,Pennsylvania,77300,-56.210510,10.6534725
Ryan Hayden,72,94062 Ramirez Well,South Jasonfort,Vermont,95178,84.805030,6.8493115
Joseph Johnson,70,520 Carmen Walks,Amberfort,Kentucky,79302,-170.084528,83.603460
Adam Doyle,73,3000 Evans Hills Apt. 612,Sabrinashire,Michigan,08863,0.763423,31.110505
Nicholas Dixon,76,3923 Jonathan River Apt. 019,Lake Antonioville,Massachusetts,67118,146.935712,-56.289399
Danielle May,53,0571 Mendez Summit Suite 258,Port Cody,Colorado,56834,33.881305,-56.1026295
Gerald Jones,56,76612 Maynard Forest,Port Rebeccafort,Mississippi,41347,152.833898,-46.574923
Ana Baker,19,61958 Carla Valley Apt. 361,Alvarezmouth,Montana,70233,-175.279743,-61.7042985
Jessica Garcia,43,70237 Simpson Greens Suite 795,South Lauren,Connecticut,98868,59.999828,76.0425685
Nathan Ramirez,69,14803 Amanda Throughway Apt. 841,Melvintown,Kansas,10125,-172.584961,88.9307135
Benjamin Gonzalez,77,965 Brandon Plain,West Elizabethton,Idaho,23254,141.093107,-71.1713945
Cynthia Drake,32,1773 Clay Common,Shellyberg,Utah,62881,87.247543,5.202871
Samantha Wade,33,9789 Blake Trafficway Suite 058,South Marcus,Illinois,06797,-134.995606,-8.128955
Terry Collins,71,8105 David Stravenue,Sandershaven,Oregon,37157,72.532819,-73.342214
Stanley Hendrix,30,2472 Eugene Shoals Apt. 002,South Bryanberg,Michigan,45315,130.134341,-42.122029
Joshua Brown,30,5008 Williams Rest Apt. 718,North Mitchell,Arizona,81788,-110.431367,65.814116
Cameron Scott,19,9096 Roman Prairie Apt. 964,Brennanbury,West Virginia,19345,33.366348,4.709416
Shaun Barnes,43,377 Daniel Stravenue,North Jerry,Florida,13366,-7.652777,-65.718738
Kenneth Richardson,51,6943 Heather Plains,Lake Tiffany,Connecticut,84942,-87.107139,-83.746656
Jeremy Donaldson,35,9615 Rita Valley,Jenniferfurt,Arizona,96833,-145.951149,-48.878253
Charles Ward,34,82951 Monique Ramp Suite 365,West Melissaburgh,West Virginia,76457,96.827507,-76.034716
Shelby Johnson,51,39749 Stevenson Gardens,Brianview,Indiana,93148,-174.278927,-44.678495
Joseph Brady PhD,60,803 Lewis Mountains Suite 332,Laurenville,South Carolina,38176,84.402232,-64.3793825
Sherri Stone DVM,69,1618 Joanna Squares,Lake Christina,North Carolina,64401,-127.377937,-22.2247525
Angela Gomez,39,8849 Johnson Summit Suite 513,Kimberlyborough,Ohio,18713,-30.195674,33.498394
Ann Long,31,43612 Sheila Points Suite 532,North Stephenport,Arizona,47762,-9.753297,87.422005
Steven Bell,70,35794 Wilson Center Suite 352,South Oliviahaven,Ohio,09926,-52.015044,-27.496383
Jordan Webb,23,30014 Robbins Roads,East Anthony,Minnesota,50726,101.026686,-42.461642
Laura Mcintyre,58,585 Megan Mills Apt. 501,North Caitlinshire,Idaho,35087,-74.286476,23.239802
Shelby Garcia,70,1650 James Cove Apt. 872,North Cindy,Virginia,77642,36.423825,66.6261585
Andrea Castillo,26,113 Gary Inlet,East Karen,Oklahoma,53915,42.646226,62.569490
Chad Berg,26,0553 Holder Locks,Emilyburgh,Nevada,17346,136.434140,80.0198055
Thomas Garcia,79,287 Leach Mountain,Lake Jasonton,Texas,14519,-106.921856,10.276332
Jennifer Davis,29,31152 Gallagher Mall Suite 911,Bellshire,New York,41585,38.260459,-77.074211
Craig Floyd,77,047 Schmidt Freeway,East Jenniferfurt,Delaware,82561,-22.073364,-51.787349
Thomas Valdez,31,9168 Jasmine Junction Suite 938,Port Michaelshire,Arizona,40279,-102.460765,4.2022155
Todd Austin,74,63222 Joel Wall,North Rebecca,Illinois,07276,-25.032460,-6.3617515
John Jones,50,50151 Tonya Drives,East Gavin,South Dakota,88732,33.744536,80.016362
David Grant,36,4165 Brittney Branch,North Markhaven,Louisiana,53350,-54.331023,-60.7291165
Jerome Chen,65,358 Perez Crossing Apt. 207,New Lisa,Arkansas,66032,-79.841866,33.3332635
Anthony Clark,42,32204 Jeffrey Creek Suite 751,Jonesfort,Idaho,07374,-51.971349,67.445024
Cindy Mcbride,63,3131 Mark Roads Apt. 764,Gonzalezside,Wisconsin,33378,164.495147,37.927593
Linda Neal,47,7927 Thomas Passage,Danielberg,Arkansas,14246,39.243428,-12.413034
Michael Hill,40,759 Johnson Union,East Frank,Massachusetts,43911,177.814957,-44.4885885
Joseph Jones,72,5788 Garrison Ridge,West Christinefurt,Kentucky,50799,-115.860108,63.720701
Mrs. Stephanie Webb,57,79738 Douglas View Apt. 622,Mannburgh,Mississippi,53825,146.591966,1.946814
Jessica Hamilton,41,42086 Wright Spur Apt. 000,Carrilloberg,Florida,96640,-153.855106,-44.9466875
Colleen Leonard,54,334 Nicole Expressway,West Mitchell,Arkansas,60808,-122.684904,-8.2670775
Zachary Stephenson,72,265 Maria Vista,Lake James,Arkansas,45074,-172.991829,86.982580
Timothy Davis,27,864 Richardson Course,North Jameshaven,Hawaii,66119,18.529137,-26.521379
Philip Hansen,29,074 Linda Well,Jennifermouth,Tennessee,80004,18.867200,-71.1580965
Nicholas Williams,23,8849 Huff Union Apt. 904,Codyborough,Oklahoma,22061,22.347613,-27.1874715
Nicole Gross,79,980 Bailey Center Suite 424,New Jameston,Utah,94022,-29.394400,-41.265444
Stephanie Buckley,29,146 Bell Isle Apt. 786,West Alexa,Wisconsin,95254,-32.663947,1.150108
Eric Davis,80,975 Heidi Trace,East Lauriestad,Connecticut,65468,-79.657680,-49.3404045
Zachary Cross,18,15421 Kimberly Divide,South Kyle,Wyoming,30133,-55.341923,-25.9364205
Mariah Haas,54,855 Campos Hollow Apt. 484,Youngton,Utah,68040,161.266618,88.468988
Laura Jackson,43,315 Bell Gardens Apt. 170,Lake Williamport,Rhode Island,88729,-49.601172,-18.3814845
Megan Smith,64,919 Jasmine Hill,West Vanessa,Pennsylvania,47939,12.082426,-50.045984
Kelly Byrd,68,768 Calhoun Loop,Robinsonville,Pennsylvania,71694,-68.470455,34.359336
Curtis Bell,37,7576 Lindsey Union Suite 741,Rodriguezmouth,Oregon,35866,104.552748,-18.5953765
Manuel Baker,31,2895 Hernandez Lock,Port Kristinamouth,Georgia,52856,-11.129323,56.2569655
Lisa Nelson,56,95925 Ferguson Trace,Lake Darlenefurt,Oklahoma,06506,66.410567,-44.035477
Robin Lopez,44,9512 Noble Hill Apt. 387,Cohenmouth,Kentucky,20224,-0.697803,-51.8109385
Nicholas Dyer,38,747 Williams Fall Suite 651,North Renee,Iowa,76250,53.216975,-52.172617
Robin Miller,26,87792 Miranda Squares Suite 208,South Andrea,Nevada,21482,-35.304033,-66.0168015
Melissa Brown,61,1542 Howard Prairie,Harrisfort,Delaware,80055,-46.125565,-65.1367675
Richard Foster,23,6853 Carter Station,Morrisport,Massachusetts,71204,-136.735347,-52.840642
Michael Boyd,30,1117 Donald Avenue,Greenside,Pennsylvania,43319,84.520790,-4.6766535
Emily Floyd,55,626 Mackenzie Course Apt. 627,South Jamieberg,Tennessee,39950,-167.480105,-34.6005865
Dominique Meyer,29,7459 Michael Flats Suite 976,Port Jennifer,Ohio,47669,112.140508,-2.691111
Steven Aguilar,34,52086 Katrina Burgs Apt. 427,South Darrell,Oklahoma,11845,-79.482451,17.7029865
Erin Garcia,57,32340 Jennifer Row Apt. 632,South Michaelside,Vermont,95238,-53.632103,-57.0319375
Crystal Carey,54,735 Flores Branch Suite 364,Kirkhaven,Kentucky,60604,46.280052,26.033089
Kathy Sawyer,31,6641 Martinez Mountain Suite 626,Prestontown,South Carolina,67261,-129.611241,20.5467885
Raymond Schmidt,66,825 Melissa Square,Clementsville,Nebraska,34688,39.838581,67.7414725
Angela Wells,20,16185 Mccullough Terrace Apt. 952,Port Jonathanmouth,Kansas,42764,-36.386023,47.7153045
Ashley Beard,60,181 Hooper Creek Suite 293,West Elizabethton,Indiana,01999,-31.105067,-57.951911
Tricia Bishop,59,715 Clark Knoll,Edwardsborough,New Jersey,42146,-170.435174,44.9990845
Rachel Woods,22,118 Dorsey Turnpike Suite 155,Lake Brandon,Utah,08711,-107.904459,7.820489
Ashley Pena,42,2048 Martin Lane Suite 745,Yangberg,West Virginia,63514,-54.703358,-23.4904215
Karen Gonzales,55,40948 Micheal Harbor Suite 826,Wallacestad,New Jersey,57000,126.410825,9.1582205
Patricia Flores,67,4108 Davis Brook Apt. 418,New Willieberg,Vermont,31391,-99.488395,-8.8866825
Joshua Wolf,19,7383 Christopher Motorway,Lake Travis,Michigan,45856,157.999886,-20.222416
Holly King,20,803 Christopher Bridge,New Traceyside,Kansas,14080,-77.137789,-52.6311825
Maria Cole,55,1287 Hughes Mountain Apt. 786,Bellhaven,North Dakota,10246,78.968945,45.7344485
Anna Flores,33,450 Diana Loaf,Port Thomas,North Carolina,65121,-121.874847,39.921168
Derek Mckinney,70,69199 Sherry Walk Suite 068,Morganmouth,New York,69835,-94.727369,-47.5277365
Leah Riley,62,64559 Thornton Extension Apt. 321,South Brianna,Ohio,16492,-86.658283,-36.986280
Amy Deleon,46,251 Christopher Union Suite 241,East Brittanyshire,Connecticut,27930,19.076150,-45.533188
Lauren Thompson,26,969 David Hollow,Knightshire,Michigan,39014,-141.654407,85.349001
Gerald Fletcher,41,1722 Williams Expressway Apt. 256,Kentport,Maine,23765,-151.640567,58.8418255
Lee Perez,74,5204 Andrew Locks Apt. 579,Port Steven,Virginia,36010,-61.999441,-63.2031575
William Wilson,74,5619 Davis Inlet Apt. 305,South Rebeccaborough,Washington,97494,129.185230,74.7771405
Daniel Rodriguez,53,792 Watts Extension,New Williamchester,Nebraska,04436,-170.277678,-57.7263765
Mr. Jason Jackson,63,79052 Theresa Crossing Suite 890,South Annettefurt,Arizona,67260,-141.216772,77.193690
Jeremy Martinez,69,873 Russell Spurs Apt. 791,Tinaberg,Texas,22999,109.697493,69.178474
Denise Mercado,33,912 Allison Inlet Suite 639,North Allen,Missouri,87531,67.965397,-1.455144
John Collins,59,6457 Garrett Parks,Port Deannaberg,Texas,22395,-176.247599,-11.049125
Kelly Russo,21,71467 Matthews Curve,Port Jeffrey,Maryland,72921,167.960629,58.2998865
Jill Andrews,28,53862 Lucas Gateway Apt. 107,West Anthony,Alaska,55668,-163.310569,32.4931355
Kara Clarke,31,3267 Joshua Passage Apt. 204,Katherinestad,Wyoming,88972,169.641787,34.227099
Samuel Jackson,79,52521 Rose Wall,Lake Deanna,Kansas,72571,-7.960334,80.678507
Joshua Spence,28,98586 Shelley View Suite 328,Gardnertown,Arizona,24567,-154.239628,71.4611065
Alfred Campbell,24,0953 Sabrina Unions,Lake Vickie,Nevada,46097,71.517073,72.9520705
Tamara Boyd,24,78479 Lang Circles,Patriciaville,New Jersey,99587,-32.567473,1.2993715
Daniel Long,51,199 Deanna Plains,Lake Alexander,Texas,05205,136.886682,-76.958275
Vickie Ross,25,03342 Sanders Ridge,Port Jennifer,Oregon,26812,12.387162,76.622717
Brian Bush,64,3340 Maria River,North Christopherside,New Hampshire,94653,92.103702,-48.7346355
Ryan Sandoval,46,396 White Springs Apt. 018,Wintersshire,Wisconsin,83379,-66.222517,72.8592815
Kyle Gray,45,4116 Garcia Drives Suite 060,Jessicaland,Iowa,89343,148.402612,-35.4275225
Timothy Jefferson,64,07292 Scott Hill Suite 229,New Laurenstad,Maine,38134,-115.521608,35.1725275
Nicole Brown,28,49811 Robert Green Suite 575,North Kim,Michigan,91810,-83.437559,75.360868
Melanie Schneider,39,085 Karen Dale Suite 043,Port Troy,Illinois,68957,149.990345,3.3262195
David Decker,20,78864 Anderson Forest Suite 050,Hutchinsonside,New York,64259,144.259394,-40.697762
Kevin Clark,56,908 Gwendolyn Summit,Oliverport,Virginia,21316,35.654224,42.335428
Michelle Giles,24,786 Dennis Springs Suite 405,South Pattytown,California,41169,30.276023,79.4017525
Russell Hernandez,78,4031 Veronica Lodge Suite 228,South Davidland,Alaska,23142,-91.025891,39.202958
Amy Schmidt,23,578 Lawson Fords,Jeffreymouth,Louisiana,77140,131.401000,-13.2472585
Jerome Chan,20,3680 Caldwell View,Heatherburgh,Hawaii,82112,29.652140,-8.2535815
Brandon Garcia,23,885 Eaton Light,Allenmouth,Arkansas,59196,-127.447214,46.2311425
Brenda Cooley,54,27310 Mccullough Isle Suite 957,Jenniferport,South Dakota,07314,-13.155205,-9.4353875
Keith Ford,77,31246 Stephanie Lane Suite 733,Kevintown,Ohio,53481,177.979307,-71.924047
Kyle Estes,32,21590 Martin Land,New Michael,North Carolina,41375,109.268097,-81.600548
Michael Tran,66,927 Ashley Neck Apt. 931,Port Bradleyhaven,South Dakota,63273,-0.918114,26.6218395
Cheryl Walters,56,01998 Anderson Stravenue Apt. 920,South Hannah,Mississippi,72804,-0.613478,72.839944
Christopher King,39,872 Stephen Oval,Saraton,Florida,33724,50.326777,43.314198
Holly Scott MD,33,71293 Pennington Road,Danielburgh,New Hampshire,84654,-117.570782,20.927102
Michael Ross,78,07985 Patton Trace,Lake Catherine,Arkansas,73604,146.225316,34.2454215
Daniel Lewis,50,5327 Daniel Forks,East Jamesshire,Minnesota,94631,-32.358894,58.8493015
Richard Thornton,42,7038 Erin Expressway,Port Sarahtown,California,52178,146.419440,19.738231
Frank Foster,75,9295 Smith Shoals Apt. 433,New Sarahport,California,40470,-119.957385,-51.4407705
Harry Hernandez,45,900 James Rapids,Lake Aaronburgh,Florida,13967,-133.613201,33.0740315
Martin White,79,53623 Jones Camp,Williamside,Alabama,32510,104.195707,37.016519
Stephanie Norton,67,2016 Garza Plain Suite 304,Henryview,Nevada,36993,137.915189,4.631868
Christina Holt,65,5779 Garrett Hills,Lake Nicole,Indiana,49714,-173.333839,85.8706425
Laura Brewer,68,92357 Jesse Mission,Mooreport,North Carolina,71631,163.964524,49.891131
Nancy Grant,70,45862 Clements Inlet,North Mariashire,Idaho,04955,143.530819,-42.005045
Richard Brown,58,37312 Morris Loaf Suite 674,West Pennybury,Vermont,37393,70.694482,-27.2813055
Terry Ramos,21,78819 Natalie Heights,Luisland,Oregon,79020,-149.531552,79.456120
Jeffrey Chapman,30,24352 Richardson Manor,South Mollytown,Iowa,22393,-113.383969,52.8451935
Donald Cole,42,1780 Barbara Springs,West Cathy,South Carolina,45961,-99.877434,-67.663617
Taylor Perez,44,737 Karen Skyway Suite 264,Michaelport,Nebraska,95548,97.822198,-34.9482355
Jason Snyder,59,38398 Jason Mill Suite 118,South Jason,Maine,06024,122.587928,59.0140055
Jacqueline Khan,30,09705 Johnson Common Apt. 871,East Emily,Massachusetts,32873,143.920354,-40.285764
Edward Davis,25,1039 Cross Lights,Nancyhaven,Florida,11321,66.985314,-81.730194
Sarah Jenkins,53,43975 Higgins Corner,Parkerview,Texas,71361,-158.794633,84.207045
Jason Delgado,55,1253 Smith Islands Apt. 380,Adamsburgh,Virginia,85954,-159.570819,10.0644155
Elizabeth Herrera,19,35490 Garcia Burg Apt. 093,Adamton,North Dakota,15022,80.208505,-45.432118
Rebecca Perez,27,15598 Brock Crest,East Kristina,Illinois,64788,148.373056,57.600973
Robin Ferguson,43,380 Noah Forge,East Albert,Ohio,75165,103.539150,34.348153
Leonard Norris,72,259 Patrick Overpass Suite 412,East Joanna,Pennsylvania,60488,-111.595662,27.405449
Eugene Henry,43,10312 Shannon Pass Apt. 362,Lynnfort,Oregon,93626,-131.921850,-47.1768805
Patrick Stephens,55,122 Kayla Manors Apt. 693,New Belindamouth,Idaho,55547,-92.718842,18.6928685
Lisa Manning,20,3954 Jessica Harbors Apt. 250,Kimberlyfurt,Illinois,71160,-51.242460,27.2303465
Leah Smith,37,29564 Brittney Springs,Williammouth,South Dakota,68536,-119.772467,68.387584
Terrance Kennedy,68,225 Aaron Harbors Suite 492,Adammouth,Pennsylvania,53707,138.312233,6.5176035
Michael Hopkins,36,3096 Morris Dam Apt. 692,North Emily,Minnesota,64923,160.441761,77.965070
Richard Taylor,68,80140 Curtis Summit,Salasstad,New Mexico,25211,-7.841364,-40.2884395
Elizabeth Parsons,53,213 Alexander Keys Apt. 487,Smithberg,Georgia,78892,92.535139,-34.1947485
Tony Wiley,30,2436 Miller Village Suite 076,West Robertshire,Virginia,77604,-22.143963,-6.3404105
Daniel Scott,27,9749 Davis Loaf Apt. 690,Lake Kaylaborough,Nevada,91019,-143.960696,-81.1280645
Jose Graves,46,43330 Stewart Manors,Lanetown,Illinois,41603,128.512963,85.637213
Jason Jones,28,13088 Lopez Station,Andreaton,California,30036,62.630460,-87.2341425
Alexandra Stanley,27,86250 Terry Mountains Apt. 889,East Roberto,Colorado,88093,23.824541,56.2011305
Jennifer Hanson,69,12293 Drake Circle,North Carolyn,Idaho,52406,-65.312715,53.2908795
Christopher Hoffman,25,38294 Davenport Shoal,Lake Antonio,Delaware,14600,-88.774842,-44.957379
Craig Sullivan,44,1005 Hunter Port Suite 552,Aaronhaven,Louisiana,11245,-168.223715,23.919628
Todd Evans,30,29928 Figueroa Overpass,Codybury,Montana,03227,-151.780372,27.6783565
Amanda Richard,40,6161 Hahn Track,Port Kevin,New York,85914,-59.163332,-4.0989765
Ryan Ali,70,193 Donald Groves,New Sheriport,Kentucky,06369,-69.035368,-10.448284
Justin Lopez,23,21094 Jessica Lock Suite 374,Kimberlyfurt,Colorado,33245,-39.708518,3.9039805
Carlos May,63,34182 Mark Throughway Suite 931,Danielsburgh,South Dakota,24508,173.730212,-52.3582425
David Ramos,65,620 Amber Cliffs Suite 134,Dawnfort,Connecticut,04622,-50.808194,4.158660
Jason Kane,70,74599 Rice Roads,Jamesbury,New York,79248,92.977603,-66.196366
Jose Barnes,71,247 Elizabeth Lakes,Lake Jasonhaven,Hawaii,94283,26.912121,50.1843475
Todd Brown,67,641 Welch Well,Greentown,Maine,20633,-113.443331,-57.500821
James Ortega,64,25355 Stewart Manors,Valenzuelamouth,Illinois,43777,-175.100424,22.678194
Tammy Chambers,78,4862 Debra Lane Suite 554,North Bryceland,Illinois,33631,-132.517118,-60.8084215
Joshua Bridges,61,4545 Justin Cliffs,South Markside,North Carolina,31345,21.783897,57.9714725
Nicholas Greene,60,4776 Keith Springs Apt. 279,New Heather,South Carolina,92540,148.005535,-85.9602915
Rebecca Smith,27,706 Stephen Trail Apt. 249,East Elizabeth,Massachusetts,76608,145.350711,-89.883105
Evelyn Gutierrez,79,92527 Philip Flats Apt. 543,Port James,Connecticut,18671,-76.447515,-35.3546935
Eric Brown,44,75762 Jeremy Walks Suite 398,Port Michaelmouth,Missouri,48642,-22.357132,-56.833760
Yolanda Taylor MD,62,02261 Yates Oval Apt. 786,Fitzgeraldberg,Connecticut,23672,-164.606603,21.594456
Mary Mcknight,76,7708 Melissa Bridge,East Stephanie,New Jersey,56652,23.746037,87.545324
David Maxwell,32,211 Mike Trafficway Suite 794,Port Benjaminshire,Georgia,35706,-70.522115,24.9603005
Mr. Wayne Smith,49,068 Smith Way Suite 167,Mendozaland,North Carolina,08947,-13.256988,-42.237019
Dan Townsend,30,932 Bradley Radial,Lake Whitney,Oregon,92830,-175.870791,-43.0231635
Kelly Brock,27,57698 Barry Parks Suite 277,New Tristan,Oregon,71330,127.649700,-9.145858
Keith Flores,33,574 Bird Lane,Wheelerburgh,Nevada,85196,-106.085660,-76.916751
Dr. Jennifer Jimenez,61,8302 Garcia Village,New Deborahmouth,Pennsylvania,74650,149.879942,-14.179858
Kelly Glenn,54,141 Cristian Knolls Apt. 874,North Derek,Arkansas,60908,86.542675,-0.892442
Wesley Padilla,43,63451 Andrew Plains Suite 249,Murrayside,Kentucky,84438,-102.838561,88.478915
Andrew Smith,36,68598 George Squares Suite 583,Schmittbury,Oklahoma,13132,-9.374672,87.7337805
Samuel Thompson,56,74618 Mitchell Turnpike Suite 959,Loriside,Oklahoma,77119,28.877988,-13.1739475
Mrs. Meghan Snyder MD,35,799 Carla Points,North Christopherville,Connecticut,40159,-146.695260,-64.876839
Cindy Bell,74,14392 Michelle Village,Rileyshire,Florida,51877,83.350178,-82.4374345
Michael Mcmahon,68,87333 Floyd Union,Kennethmouth,Alabama,12416,-122.403498,64.067856
Joseph Davis,44,45182 Gutierrez Flat,Hendersonfort,Utah,73297,3.825478,40.9747135
Antonio Maynard,47,127 Hannah Hills Apt. 146,East Joshuaton,Alaska,57195,-93.963291,-84.392939
Rita Shaw,67,5571 Frederick Drives Apt. 295,East Tammy,Montana,32262,82.257273,67.3564075
Daniel Curtis,45,7905 Moore Stream Apt. 765,Marshshire,California,41674,57.199414,-28.687541
Anne Clements,78,14158 Joseph Shoals Apt. 428,Lisaburgh,Virginia,29840,-136.676249,-69.8173715
Joshua Malone,45,2359 Jose Meadows Apt. 265,North Ryanchester,Maine,05485,84.891190,29.7262275
Daniel Bailey,34,4216 Smith Route,Cindymouth,Pennsylvania,59236,-51.435071,55.449371
Richard Wright,72,2652 Matthew Parkways,North Tamara,Delaware,50581,37.758044,32.628134
Tiffany Copeland,79,697 Hubbard Estate,Chandlerview,Montana,84169,-84.783893,-4.525984
Karen Avery,73,93988 David Mill Suite 534,Eugeneview,Montana,76828,17.983784,23.7599115
Charles Allen,42,3715 Jessica Circles Apt. 874,Mitchellton,Wisconsin,67351,-160.697005,86.1488745
Joshua Ashley,55,048 Alexander Parkway,Francoport,Minnesota,12924,-178.381215,64.2256515
Rachel Salinas,36,993 Nichols Harbor Suite 989,Higginsburgh,Arizona,78617,173.035424,-77.137516
Lindsay Vargas,64,896 Nicole Center Apt. 912,Ashleyview,Connecticut,10695,-127.488586,79.827047
Joshua Martinez,25,57932 Petty Corners Suite 926,Theresaburgh,Kansas,73717,171.501868,77.787531
Christian Swanson,39,1724 Sergio Cliffs,North Samuelfort,Tennessee,29214,-11.219780,2.9164455
Catherine Hansen,25,24688 Garcia Bypass,Brandonville,North Carolina,08575,-52.521740,22.6864765
Brooke Carson,63,07516 Thomas Ford,East Davidville,West Virginia,01064,97.912431,-11.895793
Shannon Lee,64,4015 Jon Brook,East Dylanmouth,Texas,72018,41.723192,60.2033295
Krista Kelly,67,3803 Luna Expressway,Gonzalezport,Maine,83670,47.384126,78.072861
Kyle Johnson,34,1915 Mary Mountain Suite 887,Rebeccaborough,New Mexico,38097,-4.563084,39.973514
Shannon Kane,50,693 Weaver Mountain Suite 312,Lake Andrew,California,28285,83.104656,68.6759715
Melissa Sanders,72,6967 Victoria Corners,Williefort,Vermont,34700,-43.700635,62.4079255
Corey Drake,23,1258 Kaitlin Crossroad,Jeremyland,New York,70110,24.097484,-23.339993
Frederick Roman,22,548 Farmer Flats Suite 610,Huntertown,Minnesota,91739,-106.386132,21.842942
Melissa Olson,20,28817 Whitney Bypass Suite 917,Williamstad,Missouri,24615,171.642286,24.1348605
Mrs. Jeanette Mayo,18,493 Emma Path,North Manuelmouth,Kansas,84035,-15.323610,-21.2808505
David Curtis,65,34667 Timothy Estate Apt. 608,Vargasfort,Georgia,29087,149.044857,47.870263
Jamie Lynch,34,334 Coleman Forks Suite 476,West Johnbury,Florida,64468,48.150072,4.603312
Ryan Lowe,61,165 Brady Canyon Apt. 725,Lake Karenmouth,South Dakota,49338,58.489996,-66.8185145
Amanda Chambers,73,9935 Manning Mills Apt. 476,West Michael,Tennessee,86223,-2.520186,33.3639175
Michelle Campbell,64,95567 Diaz Trace,New Joel,Hawaii,30602,-30.639905,-3.5864815
Peter Murphy,73,01408 Danielle Squares Apt. 212,Hernandezbury,Illinois,18253,-85.552088,-17.069691
Jeffery Perkins,22,901 Brown Freeway Suite 664,Gainesstad,Iowa,68945,-108.849462,-55.4869985
Kenneth Clements,23,11913 Miller Mission Suite 345,Cortezshire,Mississippi,68402,-33.158684,-0.342195
Janet Mullins,40,9819 Lewis Unions,Virginiaborough,New Jersey,02350,-119.291762,9.494345
Ryan Campbell,72,9656 Matthew Inlet,West Richard,New Jersey,48650,65.798110,-32.3659715
Jamie Johnson,50,422 Kaufman Cliff,Cookbury,Ohio,95805,-93.993473,-59.0954775
Kara Irwin,43,9564 King Isle Suite 457,Lake Brad,North Dakota,53478,-25.274191,-83.082131
Brandon Jackson,48,350 Vicki Path,North Amanda,Arizona,62810,-136.423826,-28.4903825
Daniel Clarke,29,01605 Avila Common,Lake Elizabethstad,Tennessee,99541,107.032898,-85.3509525
Lauren Lee,39,4955 Holloway Villages,Lake Kristin,Montana,71177,111.522768,-71.1733465
Adam Jones,37,211 Cook Locks Apt. 293,North Scott,Florida,85678,-108.813998,73.8453035
Scott Ingram DVM,28,040 Debra Bridge Suite 096,Mistyborough,Maine,01439,60.741539,28.6066255
Randall Brown,25,25885 Derek Inlet,West Adrienne,Mississippi,88073,-53.883620,-66.3109655
Beth Phillips,40,860 Randall Manors Suite 537,South Jennifer,Mississippi,45451,-131.069437,-31.056593
Karen Sullivan,61,7802 Reyes View Apt. 238,Robinfurt,New Jersey,82998,0.401057,29.868114
Emily Clark,48,94470 Beltran Plains,New Jennifer,Mississippi,21080,116.461203,13.882120
Michael Griffin,34,096 David Pike,Ericport,Colorado,36381,-113.364880,-70.432262
Amanda Ross,54,83713 Avila Parks Apt. 849,Sarahmouth,Maine,96767,94.311146,-2.0644955
Audrey Richardson,75,2319 Flores Common Suite 264,West Thomasfurt,Georgia,36595,161.569264,-80.5528135
Daniel Williams,38,4593 Rhodes Mountain Apt. 141,Joport,West Virginia,88614,121.904364,84.047087
Victoria Hatfield,58,083 Keller Fields Apt. 236,East Bailey,South Dakota,03378,107.685820,-30.061053
Carlos Aguilar,36,38918 Jaime Lakes Suite 572,Jessicafurt,Iowa,36304,149.088856,-66.068131
Jason Chavez,49,772 Cindy Orchard Suite 137,Padillaside,Missouri,37072,-29.590609,19.287965
Laura Huang,66,5935 Theresa Plaza Suite 480,North Shawnaview,Mississippi,53025,41.841300,33.1444615
Kristen Clark,79,51627 Hicks Mountains Suite 689,North Garyfort,Arizona,13640,23.058811,20.953207
Justin Mcknight,59,6284 Bill Roads,Longchester,Mississippi,41113,104.646053,53.846652
Sean Ray,32,1803 Arellano Path Suite 497,New Rebeccaburgh,Nebraska,52595,79.055094,-19.6086315
Kelly Camacho,50,5744 Patterson Gateway,New Tonyashire,New Hampshire,74971,11.428134,26.168062
Jaclyn Pierce,57,602 Moore Flats,Seanbury,Arizona,56206,137.055982,37.636952
Karen Woodard,36,7215 Curry Lock,Herreraview,Maine,90953,157.202084,-13.984163
Kevin Morris,57,890 Howard Port Suite 777,Port Daniel,Vermont,28742,7.361001,-27.163015
Brittany Chapman,39,79870 John Lodge Apt. 427,New Stuartchester,Vermont,47134,16.045005,-13.3940655
Timothy Morgan,52,35742 Tracey Club Suite 621,Paynebury,New Hampshire,27697,-5.438892,-62.6569475
Shawn Johnson,71,11320 Miller Freeway Apt. 111,West Cherylfurt,Wisconsin,88368,-116.369626,21.208591
Thomas Gray,79,331 Garza Ranch Apt. 412,East Markstad,Hawaii,02731,21.669990,-67.801615
Evan Lynch,78,987 Glenn Cliffs Apt. 571,Victorton,New Mexico,58435,5.938146,82.4885725
Tracy Pollard,48,9823 Henry Summit Apt. 708,Kellichester,Kansas,28788,-123.912888,72.0323455
Riley Edwards,80,7952 Calvin Ways Suite 389,Roblesstad,Maryland,99737,-74.221249,60.8382995
Alexis Marshall,48,93597 Adam Glen Apt. 017,Dayview,Utah,03741,-126.363268,30.6445365
Jocelyn Mccullough,58,387 Bush Squares,Bensonland,Missouri,41851,-54.527757,-59.1427305
Christopher Chavez,32,2418 Evans Courts,Port Meganberg,Oregon,53503,65.236771,28.6720385
Donald Ramirez,52,34755 Anderson Plains Apt. 320,New Daniel,Pennsylvania,47584,21.897384,76.4557715
David Fritz,35,56170 Holland Highway Suite 334,North Barry,Wisconsin,40278,-76.271775,-46.143472
Ebony Ayala MD,25,55813 Stevens Roads,West Beverlymouth,Kansas,48515,-123.845167,-12.6045165
Daniel Kennedy,25,65683 Carrie Turnpike,West Jacqueline,Missouri,19018,108.861506,-59.1014605
Zachary Goodman,38,9076 Reid Mountains,West Justin,New York,81415,48.848811,-59.9968085
Gina Jones,76,9313 Johnson Lock,East Lisachester,Delaware,01299,38.578571,-25.027479
Rachel Thomas,49,13260 Tammy Forest,Riverastad,West Virginia,62936,-38.926368,-29.3261445
Kevin Payne,19,21794 Shelia Circles Suite 684,Port Michael,Delaware,36432,151.645425,-84.456984
Samuel Hamilton,72,772 Reyes Ramp,Smithfurt,Mississippi,98219,90.448353,7.0794385
Cassandra Parsons,24,84358 Eric Locks,North Stephenfort,Massachusetts,28594,112.285310,54.8310235
Willie White,62,42946 Cheryl Trail,North Robertborough,Oregon,69765,150.036677,58.257007
Edward Harrison,51,5909 Schneider Rue,Johnfort,Maine,48615,40.586410,-26.029653
Richard Young,27,35941 Burgess Canyon,Leechester,Ohio,19759,-130.288095,-45.0426325
Victoria Mcbride,20,9027 Esparza Flats Apt. 218,Lake Michael,Maine,07344,109.145771,-37.8971985
Steven Hoover,27,41738 Amanda Divide Apt. 040,South Valeriefort,Vermont,91792,177.681280,-74.4494585
Joshua Mullins,21,0321 Timothy Street Suite 035,Ashleyfort,Arkansas,14360,76.417613,41.623962
Dawn Holden,79,1137 Walls Lights,Simsburgh,Tennessee,50739,97.337766,31.059080
Donald White,68,152 Smith Land Suite 086,North Loriburgh,Wisconsin,15034,-153.796230,-30.828059
Isaac Farmer,68,6614 Parks Mountain,Kaneview,Nevada,43599,176.176648,8.9723145
Jason Brooks,24,416 Salazar Mountain Apt. 473,East Reginaldville,Georgia,51012,1.689965,64.747886
Sherry Phelps,70,537 Young Mills,North Davidburgh,New Hampshire,13693,9.890534,-2.756786
Nicholas Craig,42,3786 Peterson Station Suite 599,Josephburgh,Oregon,19948,79.621362,48.9798275
Tina Alexander,55,0440 Jacobs Causeway Suite 515,South Mark,Arizona,24806,56.987150,49.0240415
Malik Ortega,20,286 Cooper Haven Apt. 405,West Bradley,Rhode Island,34785,165.699235,14.471961
Mariah Sloan,62,1643 Jenkins Drive,Vanessaton,Rhode Island,69222,109.987477,32.7323205
Leah Richardson,39,6709 Fuller Avenue,Wilsonbury,Nevada,06832,-104.186318,-26.687202
Charles Logan,31,77455 Mccullough Port,East Loretta,Tennessee,07677,41.236264,66.1601355
Ruth Monroe,50,481 William Loop Suite 117,South Toddview,New Mexico,79886,11.929318,-35.621838
Ryan House,61,12097 Wilson Bypass,Port Cassieland,South Carolina,77709,-85.875006,-44.538515
Brianna Henry,38,612 Long Canyon Apt. 713,Sandratown,Wyoming,57216,-78.012048,23.3561715
Hunter Clark,62,0245 John Estates,Port Jeffreyside,Washington,27434,126.615022,-70.1446075
Steven Brown,47,41783 Jesse Squares Apt. 035,Judyport,Arizona,21401,174.980269,69.6806625
Lisa Martin,36,1995 Teresa Port,New Eric,Delaware,86571,98.875615,-23.628601
Patricia Lynn,19,6986 Johnson Island,Chapmanside,Rhode Island,06621,-105.833085,79.450766
Jennifer Leon,68,85597 Sarah Unions,East Emilychester,New Jersey,22118,-141.107496,80.0046015
Jacqueline Lopez,32,22342 Yvette Ways Suite 733,Coleland,Kansas,19178,-69.133293,66.8653335
Stacey Stein,70,10933 Reid Islands Suite 565,Port Shannonton,Alaska,34867,-60.767251,-76.057080
Kevin Johnson,48,548 Solis Mount,New Heidihaven,Minnesota,11142,164.429679,37.597791
Chad Galloway,29,0015 Richards Plains,Johnsonton,Kansas,93612,46.693862,69.6760235
Benjamin Henry,71,22654 Kimberly Via Apt. 553,South Stevenmouth,Illinois,95351,-168.711921,-21.563567
Brittney Hicks,66,735 Whitehead Creek,West Gina,Rhode Island,82630,-157.463935,5.3615265
Crystal Howard,40,6214 White Lane Apt. 823,Port Robert,Colorado,16529,-172.639097,-24.1574765
John Chase,70,5682 Melissa Isle Suite 688,South Marc,New Mexico,29355,-20.099571,-82.909242
Amber Rogers,40,303 Elizabeth Freeway Suite 985,Ethanbury,Louisiana,15887,-170.702351,-61.112086
Tracy Hall,63,05590 Jacob Pike Suite 410,Port Tara,Tennessee,32831,93.703007,75.4331575
Christopher Moore,50,150 Micheal Corner Apt. 098,New Rhondastad,Kansas,03516,-29.592666,-32.351937
Danielle Kelly,57,38417 Townsend Ferry,South Paulmouth,Wyoming,68766,-55.322730,-4.6921355
Emily Pierce,42,3453 Peterson Lights Suite 871,Dannymouth,Hawaii,36364,174.629281,65.3114685
Leah Smith,72,525 David Stravenue,West Donald,North Carolina,37001,84.238673,22.713068
Madison Vaughan,76,2875 Patricia Street Apt. 251,Port Juanchester,Tennessee,39406,-132.251968,-18.393641
Charles Douglas,22,0835 Fletcher Walk,Millsstad,Wyoming,36675,168.360502,11.736546
Jacqueline Rhodes,63,8017 Angelica Glen,West Jose,Hawaii,42287,-62.966200,8.337999
Megan Myers,52,571 Rios Station Apt. 445,Bradleyville,New York,29061,-35.513242,56.429884
Andrew Schwartz,66,17979 Karl Mills,East Alexandrahaven,Nebraska,55799,-52.009353,62.5287795
Ruben Herring,32,77908 William Skyway,North Jessica,Texas,13726,-103.043303,-57.835674
Nicholas Kane,45,5957 Courtney Run,North Sheila,Missouri,66283,-114.644088,-69.1835395
Christopher Lutz,61,142 Coleman Streets Apt. 197,New Michael,Michigan,09963,121.300525,9.546686
Kayla Murillo,25,8107 Diaz Club Apt. 841,West Robert,New York,15773,-36.322567,59.9479225
Kayla Bennett,45,8792 Harris Islands Suite 741,North Michael,Nevada,96657,-109.795772,78.760364
James Wilson,47,6121 Donna Plains Apt. 737,East Shannon,North Dakota,63107,16.832135,74.1707495
Alexander Cruz,58,134 Benjamin Place,Jennifermouth,Pennsylvania,58697,-24.027141,-13.179657
Brenda Miller DDS,18,932 Nelson Mountain Suite 276,Willismouth,New Hampshire,41368,102.606791,-51.511289
Taylor Wilson,37,395 Angela Lock Suite 084,New Melissa,Alabama,68174,-128.313967,-89.362168
Maurice Tran,41,97766 Mcdowell Ridge Suite 130,Rodneystad,New York,13296,45.992463,-26.419671
Victor Bailey,46,453 Foster Fork Apt. 929,Vaughnburgh,Wisconsin,89530,-117.379759,58.613522
Christy Taylor,54,024 Torres Locks,Port Jessica,Oklahoma,60529,-114.175579,70.0952535
Elizabeth Stone,57,2438 Monica Shores Apt. 058,North Kevinchester,Iowa,94335,92.051802,-61.106189
Zachary Reed,74,266 Johnson Locks,Port Nancy,Pennsylvania,17618,-175.037751,62.699362
John Krueger,70,7587 Hutchinson Burg Suite 186,Port Laura,New Jersey,25243,125.701170,84.8799005
Jessica Compton,58,5454 Wright Shoals Apt. 692,Lake Jamesstad,New Mexico,88176,0.243831,-8.229091
Megan Smith,61,14842 Hunt Lakes Suite 012,Gonzalezmouth,Arizona,69943,26.127333,24.395085
Michael Santos,37,58800 Taylor Falls,Sarahland,Colorado,75143,-79.674313,47.739645
Holly Mitchell,60,981 Molly Crescent Apt. 389,Pierceville,West Virginia,83427,-98.788172,-11.644920
Kathryn Kelly,52,12213 Frederick River,North Kellymouth,Virginia,41388,-96.803418,-60.714191
Alyssa Johnson,37,2930 Brown Curve,Lake Thomasville,Tennessee,64849,28.632168,5.2047425
Eric Walls,55,0976 Nguyen Forge,East Peter,Alaska,67007,-102.861470,-57.119236
Brian Porter,58,88230 Leah Village,Tuckerside,Vermont,49774,147.738415,46.8291705
Haley Salas,40,95785 Shaw Point,West Kelly,Alabama,03439,104.805635,-71.495228
Carolyn King,41,666 Wallace Groves,East Tonyshire,Alabama,44505,-15.358725,-24.513441
Kayla Gutierrez,24,9892 Tammy Hills,Port Kenneth,Idaho,17424,23.407345,62.9237575
Tracy Davis,36,4281 Lang Glens,Davidchester,Nevada,57757,7.823768,53.218664
Danielle Whitaker,47,0991 Mark Canyon Apt. 224,North Edward,Louisiana,86544,-29.455178,-13.6616295
Daniel Rodgers,65,0921 Hernandez Mountain Apt. 277,New Jasonborough,Mississippi,22750,9.661544,-87.078842
Nicholas Miller,42,627 Hughes Inlet Suite 163,East Sara,New York,70868,79.291437,-46.441650
Jillian Moses,80,411 Sean Square Suite 364,North Jennifertown,Texas,59901,30.106423,52.094948
Ashley Patterson,39,7599 Eric Wells,Smithport,Arkansas,67784,-36.908057,68.166681
Maria Alexander,23,3140 Joshua Avenue Apt. 566,North Sarah,Nebraska,98428,144.482842,5.9511975
Ann Bridges,55,1187 Andrea Garden,North Tiffany,Virginia,93638,-159.880065,-9.3526815
Tony Mccullough,51,056 Fox Cliffs,Sweeneymouth,Vermont,56480,0.208391,-47.936214
Mary Burns,63,857 Cortez Key Suite 244,Kristinefurt,Utah,07183,149.287198,-23.288258
Lisa Deleon,49,7196 Alicia Dam Suite 095,Jamesstad,Michigan,82979,-132.169555,-49.431545
Jessica Clark,51,21068 Young Lock Suite 246,Michaelchester,Alaska,94957,176.138187,77.3546695
Tim Vaughn,78,103 Smith Shore Apt. 734,Hammondview,Kansas,75511,-48.523474,63.632262
Timothy Andrade,46,28557 Tracey Gateway Suite 166,South Juan,South Carolina,98100,-23.807914,13.646911
Andrew Levine,51,97245 Andrew Alley Suite 834,New Ricky,Pennsylvania,33844,-143.885512,-56.0908525
Amanda Payne,25,93596 Leon Passage Suite 219,North Elizabethville,Vermont,68995,-60.913703,67.661642
Jessica Cook,25,461 William Union,Lake Christineport,Montana,60762,-102.488273,-73.625234
James Logan,45,498 David Forks Apt. 833,New Stacey,Wisconsin,74088,-12.795159,11.8329165
Michael Carter,24,9874 Tyler Ridges Suite 261,Williamsburgh,Florida,41562,29.453664,-1.7112215
David Barajas,69,333 Johnson Ranch Apt. 714,Port Michael,Idaho,89400,151.704151,-25.0706005
Toni Stevens,64,8242 Lisa Crossroad Apt. 962,Port Brenda,Missouri,58410,175.392548,84.016880
James Griffith,49,63403 Acosta Fall Apt. 060,New Sophiatown,New Jersey,62227,-141.291296,-0.2041965
Nathan Cain DDS,33,9482 Joyce Port,Ryanburgh,Arkansas,92663,123.035791,36.7126575
Sheila Burns,50,250 Ronnie Union Apt. 692,Vegaton,New York,73969,41.346017,-57.276441
Edwin Wu,75,114 Watts Keys,North Kellyland,Iowa,83649,100.505577,12.8290475
Henry Pierce,75,7334 Butler Roads,Lake Angelabury,New York,31999,-139.667973,69.057204
Kari Armstrong,58,16026 James Island Suite 101,Port Robertmouth,Kansas,29472,-160.635884,-48.1995855
Michael Kane,27,355 Matthew Plaza,Port Lauren,Texas,30215,71.068816,60.0032035
Kerry Stokes,32,15398 Greene Square,West Anna,Maryland,71427,-68.087135,-58.8755285
April Reed,64,503 Hughes Via Apt. 806,Whiteburgh,Iowa,37098,159.989631,73.341018
Shawn Hart,53,828 Nichols Islands Suite 216,Richardsonfurt,Wyoming,36682,-171.121071,4.223188
Emma Walters,68,7517 Brian Glen Suite 209,North Travisfort,Idaho,59258,-71.473771,-8.6732415
Jennifer Pruitt,70,4044 Turner Mount Apt. 424,New Carolbury,Nevada,74198,-130.520079,-4.2164785
Emma Arroyo,78,540 Gilmore Mall Suite 673,Andrewhaven,Idaho,80336,-17.876612,-20.362056
Paul Davis,27,8830 Jeffery Common Apt. 249,North Jeffery,Illinois,97160,176.991071,-59.3507665
Brittany Hamilton,52,1310 Hooper Vista Apt. 507,Glennview,Maine,97335,90.488688,12.0700355
Lori Flores,39,50606 Castaneda Skyway,Richardsland,Missouri,34752,-95.015044,23.334911
Angela Rose,66,867 Melanie Court Apt. 193,Patrickstad,Rhode Island,95261,-75.444449,33.644864
Gary Kennedy,74,91358 Michelle Alley Apt. 741,Vincentbury,Missouri,37572,34.616843,-64.6266835
April Bean,30,84161 Jacobs Estates Apt. 266,Robertsport,Massachusetts,48679,-123.451613,55.2580065
Jennifer Boyd,44,788 Theresa Pines Suite 288,Port Lee,Nevada,15933,26.613034,-40.115086
Stephanie Campbell,60,444 Tracey Trail Apt. 563,West Julia,Idaho,22028,6.854955,81.6498905
Julie Daniels,54,55960 Dustin Groves Suite 117,West Michele,Tennessee,88608,66.714072,-73.687138
Ashley Quinn,37,41465 Solis Knoll Apt. 380,Collinsshire,Nevada,41984,-90.282272,-67.3898295
Kari Hall,32,215 Alexander Inlet Suite 537,Laurentown,New Hampshire,28102,-177.771627,5.597534
Thomas Clark,56,23293 Rose Landing,New Holly,New Mexico,53360,-134.958179,4.2892485
Brian Mccall Jr.,32,1071 Sarah Meadow Apt. 851,Shermanside,California,13578,39.137309,-20.430744
James Stafford,20,005 Ray Roads,South Kathryn,Tennessee,82986,5.014140,-35.6983035
Jennifer Wright,73,1597 Jason Circles Suite 224,Carrmouth,Michigan,28567,1.649769,53.0877625
Elizabeth Lopez,64,391 Lindsey Squares Apt. 808,Williamland,Montana,36233,145.144530,-64.129895
Cameron Morris,63,21305 Wagner Lakes Apt. 993,Lesliechester,Virginia,97583,-170.861943,-76.432041
Brandon Jackson,41,7149 Daniel Islands,South Elizabeth,Maine,26388,-15.259220,-55.393830
Monica Johnson,49,9491 Claire Garden,South Allison,Mississippi,94260,107.920409,2.6093485
Donna Russell,19,1018 Snyder Falls,Patrickburgh,Tennessee,87928,-60.357318,-26.258220
Erin Ward,80,767 Teresa Streets,Beasleymouth,Maryland,42868,167.139891,-22.169488
Terry Gray,19,8067 Cuevas Common Suite 422,Theodorehaven,Alaska,48513,118.463886,-18.759889
Katherine Jones,43,3211 Garrison Overpass Apt. 714,New Katherineside,Florida,52244,-42.686091,19.020317
Catherine Blanchard,65,0484 Juarez Inlet,West Ashley,Idaho,39405,-130.243693,73.160494
Erin Wagner,24,0476 Erika Brooks,Anthonyborough,Missouri,61319,78.708926,48.570509
Lynn Simmons,29,85283 Munoz Hill,New Hannahland,Illinois,63001,-173.444319,3.561559
Shannon Sharp,26,3098 Barnes Hill,Tapialand,Nebraska,99378,31.602601,62.663933
Andrew Graham,24,2799 Jenkins Summit Apt. 351,Millertown,West Virginia,54369,13.750756,56.301053
Victoria Ross,41,99636 Oliver Brook Apt. 524,Port Darleneberg,Indiana,28727,-166.969315,-63.6382085
Dustin Powell,43,95262 Powell Haven,Martinezport,Hawaii,88050,166.365528,-59.4997365
Ryan York,58,8719 Jenkins Skyway,South Austin,North Carolina,24910,-149.774943,23.636037
Robert Maxwell,24,864 Terry Greens,Donaldborough,Oklahoma,46497,-106.973468,-70.226981
Christina Crawford,19,3003 Erin Mountain Suite 982,Lake David,Michigan,31918,28.772541,66.0002855
Matthew Jordan,43,624 Murphy Fort,West Mia,California,54338,-120.747577,23.248436
Amanda Cannon,48,9316 Alvarado Shores Suite 889,Marcusburgh,Georgia,31001,-30.048595,18.9385175
Kara Perry,30,99439 Osborne Wells,New Michaelhaven,Virginia,64841,-7.937624,17.9085165
Robert Cole,65,51158 David Underpass,Salazarmouth,Tennessee,04144,-40.917380,-54.7596945
